,start_time,end_time,instrument,note,note_value
0,28126,29662,41,69,Eighth
1,28126,29662,42,57,Eighth
2,28126,29662,43,57,Eighth
3,46557,52702,41,73,Eighth
4,60893,109022,41,76,Dotted Half
5,74718,91102,41,73,Quarter
6,91102,109022,41,69,Quarter
7,109022,160734,41,71,Dotted Half
8,125918,142814,41,68,Quarter
9,142814,160734,41,64,Quarter
10,160734,168926,41,74,Eighth
11,168926,179677,41,73,Eighth
12,181214,188894,41,71,Eighth
13,181214,205278,41,61,Quarter
14,189405,205278,41,69,Eighth
15,205278,215006,41,68,Eighth
16,205278,222686,41,57,Quarter
17,215006,222686,41,69,Eighth
18,222686,241118,41,73,Quarter
19,222686,241118,41,64,Quarter
20,241118,253406,41,71,Dotted Eighth
21,258013,267742,41,73,Dotted Eighth
22,271838,333790,41,76,Dotted Half
23,288222,312286,41,73,Quarter
24,314334,333790,41,69,Quarter
25,333790,369630,41,73,Half
26,353246,369630,41,69,Quarter
27,370141,384990,41,73,Quarter
28,370141,384990,41,66,Quarter
29,384990,442334,41,81,Dotted Half
30,405982,425438,41,78,Quarter
31,425438,442334,41,75,Quarter
32,442845,477662,41,75,Half
33,460766,477662,41,71,Quarter
34,477662,503262,41,69,Quarter
35,477662,503262,41,75,Quarter
36,507870,564190,41,83,Dotted Half
37,524766,546270,41,68,Quarter
38,546270,564190,41,64,Quarter
39,564702,572382,41,81,Eighth
40,572894,582110,41,80,Eighth
41,582110,592350,41,78,Eighth
42,582110,601054,41,73,Quarter
43,592350,601054,41,76,Eighth
44,601054,610782,41,75,Eighth
45,601054,618974,41,71,Quarter
46,610782,618974,41,76,Eighth
47,618974,637918,41,69,Quarter
48,618974,637918,41,78,Quarter
49,638430,650718,41,81,Dotted Eighth
50,638430,646622,41,66,Eighth
51,655326,665566,41,71,Eighth
52,655326,665566,41,75,Eighth
53,674782,695262,41,76,Quarter
54,674782,695262,41,64,Quarter
55,715742,724446,42,61,Eighth
56,734174,792030,42,64,Dotted Half
57,755166,772062,41,69,Quarter
58,755166,772062,41,57,Quarter
59,755166,772062,43,61,Quarter
60,772062,792030,41,61,Quarter
61,772062,792030,41,73,Quarter
62,772062,792030,43,57,Quarter
63,792542,851422,42,59,Dotted Half
64,811486,831966,41,76,Quarter
65,811486,831966,41,64,Quarter
66,811486,831966,43,56,Quarter
67,831966,851422,43,52,Quarter
68,831966,851422,41,68,Quarter
69,831966,851422,41,80,Quarter
70,851422,860638,42,62,Eighth
71,861150,869342,42,61,Eighth
72,869854,890334,43,49,Quarter
73,869854,878558,42,59,Eighth
74,869854,890334,41,81,Quarter
75,869854,890334,41,69,Quarter
76,878558,890334,42,57,Eighth
77,890334,910302,43,45,Quarter
78,890334,900574,42,56,Eighth
79,890334,910302,41,85,Quarter
80,890334,910302,41,73,Quarter
81,900574,910302,42,57,Eighth
82,910302,932830,41,76,Quarter
83,910302,932830,42,61,Quarter
84,910302,932830,41,88,Quarter
85,910302,932830,43,40,Quarter
86,933342,945630,42,59,Dotted Eighth
87,953310,962014,42,61,Eighth
88,971230,1034718,42,64,Dotted Half
89,992222,1013214,41,69,Quarter
90,992222,1013214,41,57,Quarter
91,992222,1013214,43,61,Quarter
92,1013214,1034718,41,61,Quarter
93,1013214,1034718,41,73,Quarter
94,1013214,1034718,43,57,Quarter
95,1034718,1070558,42,61,Half
96,1051102,1070558,41,61,Quarter
97,1051102,1070558,43,57,Quarter
98,1051102,1070558,41,73,Quarter
99,1071070,1090014,42,61,Quarter
100,1071070,1090014,41,81,Quarter
101,1071070,1090014,43,54,Quarter
102,1071070,1090014,41,69,Quarter
103,1090014,1158110,42,69,Dotted Half
104,1106910,1129950,43,54,Quarter
105,1106910,1129950,41,75,Quarter
106,1106910,1129950,41,63,Quarter
107,1130462,1158110,41,66,Quarter
108,1130462,1158110,41,78,Quarter
109,1130462,1158110,43,51,Quarter
110,1158110,1193438,42,63,Half
111,1176542,1193438,41,66,Quarter
112,1176542,1193438,41,78,Quarter
113,1176542,1193438,43,47,Quarter
114,1193950,1214942,42,63,Quarter
115,1193950,1214942,41,83,Quarter
116,1193950,1214942,43,45,Quarter
117,1193950,1214942,41,71,Quarter
118,1214942,1263582,42,71,Dotted Half
119,1230814,1246686,43,44,Quarter
120,1230814,1246686,41,76,Quarter
121,1230814,1246686,41,64,Quarter
122,1246686,1263582,41,68,Quarter
123,1246686,1263582,41,80,Quarter
124,1246686,1263582,43,40,Quarter
125,1264094,1272286,42,69,Eighth
126,1272286,1279966,42,68,Eighth
127,1279966,1288670,42,66,Eighth
128,1279966,1296862,41,80,Quarter
129,1279966,1296862,41,68,Quarter
130,1279966,1296862,43,49,Quarter
131,1288670,1296862,42,64,Eighth
132,1296862,1313758,43,47,Quarter
133,1296862,1313758,41,85,Quarter
134,1296862,1313758,41,73,Quarter
135,1296862,1305566,42,63,Eighth
136,1305566,1313758,42,64,Eighth
137,1314270,1335262,42,66,Quarter
138,1314270,1335262,43,45,Quarter
139,1335774,1349086,41,85,Dotted Eighth
140,1335774,1349086,41,73,Dotted Eighth
141,1335774,1349086,42,69,Dotted Eighth
142,1335774,1349086,43,42,Dotted Eighth
143,1353694,1367006,41,81,Dotted Eighth
144,1353694,1367006,41,69,Dotted Eighth
145,1353694,1367006,42,63,Dotted Eighth
146,1353694,1367006,43,47,Dotted Eighth
147,1375198,1399774,41,80,Quarter
148,1375198,1399774,41,68,Quarter
149,1375198,1399774,42,64,Quarter
150,1375198,1399774,43,40,Quarter
151,1418205,1435614,41,64,Quarter
152,1435614,1453022,43,52,Quarter
153,1435614,1490398,41,74,Dotted Half
154,1435614,1490398,41,59,Dotted Half
155,1435614,1490398,42,56,Dotted Half
156,1453022,1470430,43,52,Quarter
157,1470942,1490398,43,52,Quarter
158,1490398,1499102,41,73,Eighth
159,1490398,1510366,43,52,Quarter
160,1490398,1545182,41,61,Dotted Half
161,1490398,1545182,42,57,Dotted Half
162,1499102,1507805,41,76,Dotted Sixteenth
163,1510366,1526238,43,52,Quarter
164,1510366,1515998,41,74,Dotted Sixteenth
165,1518557,1524189,41,73,Dotted Sixteenth
166,1526750,1533406,41,71,Dotted Sixteenth
167,1526750,1545182,43,52,Quarter
168,1535965,1542110,41,69,Dotted Sixteenth
169,1545182,1563102,42,59,Quarter
170,1545182,1551838,41,68,Dotted Sixteenth
171,1545182,1563102,41,62,Quarter
172,1545182,1563102,43,52,Quarter
173,1554398,1561054,41,64,Dotted Sixteenth
174,1563102,1571806,41,68,Dotted Sixteenth
175,1573854,1579998,41,71,Dotted Sixteenth
176,1582558,1588190,41,76,Dotted Sixteenth
177,1590750,1596893,41,78,Dotted Sixteenth
178,1597405,1603550,41,80,Dotted Sixteenth
179,1605598,1611742,41,76,Dotted Sixteenth
180,1613278,1618910,41,80,Dotted Sixteenth
181,1620958,1627102,41,81,Dotted Sixteenth
182,1629150,1635294,41,83,Dotted Sixteenth
183,1637854,1643486,41,85,Dotted Sixteenth
184,1646046,1698782,41,71,Dotted Half
185,1646046,1698782,42,68,Dotted Half
186,1646046,1663454,43,64,Quarter
187,1646046,1698782,41,86,Dotted Half
188,1663454,1682398,43,64,Quarter
189,1682398,1698782,43,64,Quarter
190,1699294,1754077,42,69,Dotted Half
191,1699294,1707486,41,85,Eighth
192,1699294,1715678,43,64,Quarter
193,1699294,1754077,41,73,Dotted Half
194,1707486,1713630,41,88,Dotted Sixteenth
195,1715678,1721822,41,86,Dotted Sixteenth
196,1715678,1735646,43,64,Quarter
197,1726942,1733598,41,85,Dotted Sixteenth
198,1735646,1741790,41,83,Dotted Sixteenth
199,1735646,1754077,43,64,Quarter
200,1743838,1751518,41,81,Dotted Sixteenth
201,1754590,1771998,41,74,Quarter
202,1754590,1760222,41,80,Dotted Sixteenth
203,1754590,1771998,42,71,Quarter
204,1754590,1771998,43,64,Quarter
205,1762782,1769950,41,78,Dotted Sixteenth
206,1771998,1778654,41,76,Dotted Sixteenth
207,1780702,1787357,41,75,Dotted Sixteenth
208,1789406,1794526,41,76,Dotted Sixteenth
209,1796574,1802206,41,78,Dotted Sixteenth
210,1804253,1809885,41,80,Dotted Sixteenth
211,1812446,1817566,41,81,Dotted Sixteenth
212,1820126,1826269,41,82,Dotted Sixteenth
213,1828318,1834462,41,83,Dotted Sixteenth
214,1836510,1843677,41,84,Dotted Sixteenth
215,1845726,1851358,41,85,Dotted Sixteenth
216,1853406,1860574,41,86,Dotted Sixteenth
217,1853406,1873374,43,53,Quarter
218,1863134,1871325,41,83,Dotted Sixteenth
219,1873886,1880542,41,80,Dotted Sixteenth
220,1873886,1891806,41,71,Quarter
221,1873886,1891806,42,68,Quarter
222,1883102,1889758,41,74,Dotted Sixteenth
223,1891806,1909214,42,71,Quarter
224,1891806,1898973,41,86,Dotted Sixteenth
225,1891806,1909214,41,74,Quarter
226,1901022,1907166,41,86,Dotted Sixteenth
227,1909214,1917406,41,85,Dotted Sixteenth
228,1909214,1931230,43,54,Quarter
229,1919454,1928670,41,81,Dotted Sixteenth
230,1931742,1952734,42,61,Quarter
231,1931742,1938397,41,78,Dotted Sixteenth
232,1931742,1952734,41,69,Quarter
233,1940958,1949661,41,73,Dotted Sixteenth
234,1952734,1958878,41,85,Dotted Sixteenth
235,1952734,1967070,41,73,Quarter
236,1952734,1967070,42,69,Quarter
237,1959902,1965022,41,85,Dotted Sixteenth
238,1967070,1973214,41,85,Dotted Sixteenth
239,1967070,1983966,43,56,Quarter
240,1975774,1981918,41,80,Dotted Sixteenth
241,1983966,1988573,41,76,Dotted Sixteenth
242,1983966,1999837,41,64,Quarter
243,1983966,1999837,42,61,Quarter
244,1991134,1997790,41,73,Dotted Sixteenth
245,2000350,2006494,41,85,Dotted Sixteenth
246,2000350,2013150,41,73,Quarter
247,2000350,2013150,42,64,Quarter
248,2007518,2012638,41,85,Dotted Sixteenth
249,2013150,2027997,43,57,Quarter
250,2013150,2017758,41,85,Dotted Sixteenth
251,2018782,2025950,41,79,Dotted Sixteenth
252,2027997,2044381,41,64,Quarter
253,2027997,2034142,41,76,Dotted Sixteenth
254,2027997,2044381,42,61,Quarter
255,2036702,2042334,41,73,Dotted Sixteenth
256,2044893,2061277,41,73,Quarter
257,2044893,2051038,41,85,Dotted Sixteenth
258,2044893,2061277,42,64,Quarter
259,2053598,2059230,41,85,Dotted Sixteenth
260,2061277,2067421,41,80,Dotted Sixteenth
261,2061277,2078173,43,56,Quarter
262,2069470,2075614,41,76,Dotted Sixteenth
263,2078173,2098142,41,64,Quarter
264,2078173,2084830,41,73,Dotted Sixteenth
265,2078173,2098142,42,61,Quarter
266,2088414,2096094,41,68,Dotted Sixteenth
267,2098654,2115038,42,64,Quarter
268,2098654,2104798,41,68,Dotted Sixteenth
269,2098654,2115038,41,68,Quarter
270,2106846,2112990,41,68,Dotted Sixteenth
271,2115550,2132446,43,44,Quarter
272,2115550,2122206,41,68,Dotted Sixteenth
273,2123742,2129886,41,63,Dotted Sixteenth
274,2132446,2140126,41,60,Dotted Sixteenth
275,2132446,2150878,41,56,Quarter
276,2132446,2150878,42,54,Quarter
277,2142686,2148830,41,56,Dotted Sixteenth
278,2151390,2168798,41,56,Quarter
279,2151390,2157534,41,56,Dotted Sixteenth
280,2151390,2168798,42,54,Quarter
281,2159582,2166238,41,56,Dotted Sixteenth
282,2168798,2188766,43,37,Quarter
283,2168798,2229726,41,61,Dotted Half
284,2168798,2229726,41,56,Dotted Half
285,2168798,2229726,42,52,Dotted Half
286,2188766,2210782,43,37,Quarter
287,2211294,2229726,43,37,Quarter
288,2230238,2285534,41,64,Dotted Half
289,2230238,2249182,43,37,Quarter
290,2230238,2285534,41,61,Dotted Half
291,2230238,2285534,42,56,Dotted Half
292,2249694,2266590,43,37,Quarter
293,2266590,2285534,43,37,Quarter
294,2285534,2376670,41,60,Unknown
295,2285534,2311134,42,57,Dotted Quarter
296,2285534,2322398,41,63,Half
297,2285534,2302942,43,37,Quarter
298,2302942,2322398,43,37,Quarter
299,2312158,2322398,42,56,Eighth
300,2322398,2340318,43,37,Quarter
301,2322398,2327006,41,64,Sixteenth
302,2322398,2332126,42,57,Eighth
303,2327006,2332126,41,63,Sixteenth
304,2332126,2340318,42,56,Eighth
305,2332126,2336222,41,61,Sixteenth
306,2336222,2340318,41,63,Sixteenth
307,2340318,2357214,42,54,Quarter
308,2340318,2357214,43,37,Quarter
309,2340318,2376670,41,68,Half
310,2357726,2376670,43,37,Quarter
311,2357726,2376670,42,54,Quarter
312,2377182,2395614,41,60,Quarter
313,2377182,2395614,42,54,Quarter
314,2377182,2385886,41,57,Eighth
315,2377182,2395614,43,37,Quarter
316,2385886,2395614,41,56,Eighth
317,2396126,2456030,42,52,Dotted Half
318,2396126,2416094,41,61,Quarter
319,2396126,2416094,43,37,Quarter
320,2396126,2456030,41,56,Dotted Half
321,2416094,2436062,43,37,Quarter
322,2416094,2420702,41,63,Sixteenth
323,2420702,2425822,41,61,Sixteenth
324,2425822,2436062,41,60,Eighth
325,2436062,2446302,41,61,Eighth
326,2436062,2456030,43,37,Quarter
327,2446814,2456030,41,63,Eighth
328,2456030,2468830,41,64,Dotted Eighth
329,2456030,2468830,42,52,Dotted Eighth
330,2456030,2468830,43,49,Dotted Eighth
331,2480094,2495454,41,64,Dotted Eighth
332,2480094,2495454,42,52,Dotted Eighth
333,2480094,2495454,43,49,Dotted Eighth
334,2503646,2518494,41,64,Dotted Eighth
335,2503646,2518494,42,52,Dotted Eighth
336,2503646,2518494,43,49,Dotted Eighth
337,2611166,2617822,41,73,Eighth
338,2632670,2687454,41,76,Dotted Half
339,2650590,2670046,41,73,Quarter
340,2670558,2687454,41,69,Quarter
341,2687454,2739678,41,71,Dotted Half
342,2704862,2721758,41,68,Quarter
343,2722270,2739678,41,64,Quarter
344,2739678,2748894,41,74,Eighth
345,2748894,2761694,41,73,Eighth
346,2761694,2771422,41,71,Eighth
347,2761694,2780126,41,61,Quarter
348,2771422,2780126,41,69,Eighth
349,2780126,2797534,41,57,Quarter
350,2780126,2789342,41,68,Eighth
351,2789854,2797534,41,69,Eighth
352,2798046,2815454,41,73,Quarter
353,2798046,2815454,41,64,Quarter
354,2815454,2827742,41,71,Dotted Eighth
355,2831838,2847710,41,73,Dotted Eighth
356,2852318,2908638,41,76,Dotted Half
357,2873310,2890718,41,73,Quarter
358,2890718,2908638,41,69,Quarter
359,2914270,2950110,41,73,Half
360,2931677,2950110,41,69,Quarter
361,2950110,2965982,41,66,Quarter
362,2950110,2965982,41,73,Quarter
363,2965982,3025374,41,81,Dotted Half
364,2994654,3010014,41,78,Quarter
365,3010014,3025374,41,75,Quarter
366,3025374,3059678,41,75,Half
367,3042782,3059678,41,71,Quarter
368,3059678,3085278,41,75,Quarter
369,3059678,3085278,41,69,Quarter
370,3085278,3141086,41,83,Dotted Half
371,3104734,3122142,41,67,Quarter
372,3122142,3141086,41,64,Quarter
373,3141086,3149277,41,81,Eighth
374,3149277,3159006,41,79,Eighth
375,3159006,3167198,41,78,Eighth
376,3159006,3175902,41,71,Quarter
377,3167710,3175902,41,76,Eighth
378,3176414,3185630,41,79,Eighth
379,3176414,3194333,41,67,Quarter
380,3185630,3194333,41,76,Eighth
381,3194333,3212254,41,74,Quarter
382,3212254,3231198,41,69,Quarter
383,3212254,3216861,41,76,Sixteenth
384,3216861,3223518,41,74,Sixteenth
385,3223518,3227614,41,73,Sixteenth
386,3227614,3231710,41,74,Sixteenth
387,3231710,3252190,41,57,Quarter
388,3231710,3239902,41,78,Eighth
389,3231710,3252190,42,57,Quarter
390,3240414,3252190,41,76,Eighth
391,3252190,3275742,41,74,Quarter
392,3252190,3275742,41,62,Quarter
393,3252190,3314654,42,69,Dotted Half
394,3275742,3295710,43,54,Quarter
395,3296222,3314654,43,50,Quarter
396,3314654,3374558,42,64,Dotted Half
397,3335646,3355102,43,49,Quarter
398,3355102,3374558,41,61,Quarter
399,3355102,3374558,43,45,Quarter
400,3375070,3383262,42,67,Eighth
401,3375070,3427806,41,69,Dotted Half
402,3383262,3391966,42,66,Eighth
403,3391966,3408350,43,38,Quarter
404,3391966,3399646,42,64,Eighth
405,3399646,3408350,42,62,Eighth
406,3408350,3427806,43,42,Quarter
407,3408350,3418078,42,61,Eighth
408,3418590,3427806,42,62,Eighth
409,3428318,3438046,42,62,Eighth
410,3428318,3482078,41,64,Dotted Half
411,3438558,3447774,42,61,Eighth
412,3447774,3466718,43,45,Quarter
413,3447774,3458014,42,59,Eighth
414,3458014,3466718,42,57,Eighth
415,3466718,3474910,42,59,Eighth
416,3466718,3482078,41,69,Quarter
417,3466718,3482078,43,55,Quarter
418,3474910,3482078,42,61,Eighth
419,3482590,3533790,41,81,Dotted Half
420,3482590,3490781,41,67,Eighth
421,3482590,3500510,42,62,Quarter
422,3491294,3500510,41,66,Eighth
423,3500510,3516894,42,69,Quarter
424,3500510,3516894,43,54,Quarter
425,3500510,3508190,41,64,Eighth
426,3508190,3516894,41,62,Eighth
427,3516894,3525086,41,61,Eighth
428,3516894,3533790,43,45,Quarter
429,3525086,3533790,41,62,Eighth
430,3533790,3584478,41,76,Dotted Half
431,3533790,3541982,41,62,Eighth
432,3533790,3550174,42,57,Quarter
433,3542494,3550174,41,61,Eighth
434,3550686,3567582,42,64,Quarter
435,3550686,3559390,41,59,Eighth
436,3550686,3567582,43,49,Quarter
437,3559390,3567582,41,57,Eighth
438,3567582,3575774,41,56,Eighth
439,3567582,3584478,43,45,Quarter
440,3575774,3584478,41,57,Eighth
441,3584478,3640798,41,69,Dotted Half
442,3584478,3593182,41,79,Eighth
443,3584478,3601374,42,57,Quarter
444,3593182,3601374,41,78,Eighth
445,3601886,3622878,42,66,Quarter
446,3601886,3613150,41,76,Eighth
447,3601886,3622878,43,50,Quarter
448,3613661,3622878,41,74,Eighth
449,3622878,3631070,41,73,Eighth
450,3622878,3640798,43,45,Quarter
451,3631070,3640798,41,74,Eighth
452,3640798,3658717,41,78,Quarter
453,3640798,3658717,42,57,Quarter
454,3640798,3650014,41,61,Eighth
455,3650014,3658717,41,69,Eighth
456,3659230,3666910,41,73,Eighth
457,3659230,3671518,41,76,Dotted Eighth
458,3659230,3678174,42,67,Quarter
459,3659230,3678174,43,57,Quarter
460,3667422,3678174,41,69,Eighth
461,3678174,3686366,41,69,Eighth
462,3678174,3686366,41,76,Eighth
463,3678174,3694558,43,55,Quarter
464,3686366,3694558,41,73,Eighth
465,3694558,3710942,42,66,Quarter
466,3694558,3710942,41,74,Quarter
467,3694558,3744222,41,81,Dotted Half
468,3710942,3727326,42,62,Quarter
469,3710942,3727326,43,54,Quarter
470,3727838,3744222,43,50,Quarter
471,3727838,3779550,41,69,Dotted Half
472,3744222,3761118,42,57,Quarter
473,3744222,3779550,41,78,Half
474,3761118,3779550,42,62,Quarter
475,3761118,3779550,43,49,Quarter
476,3780062,3803614,41,78,Quarter
477,3780062,3803614,43,50,Quarter
478,3780062,3837917,41,66,Dotted Half
479,3803614,3857374,41,86,Dotted Half
480,3803614,3820510,42,59,Quarter
481,3820510,3837917,42,62,Quarter
482,3820510,3837917,43,46,Quarter
483,3838430,3857374,43,47,Quarter
484,3838430,3876317,41,74,Half
485,3857374,3876317,42,59,Quarter
486,3857374,3895262,41,80,Half
487,3876317,3895262,41,68,Quarter
488,3876317,3895262,42,64,Quarter
489,3876317,3895262,43,52,Quarter
490,3895262,3913694,43,50,Quarter
491,3895262,3913694,41,80,Quarter
492,3895262,3944926,41,76,Dotted Half
493,3914206,3962846,41,88,Dotted Half
494,3914206,3928542,42,61,Quarter
495,3928542,3944926,42,57,Quarter
496,3928542,3944926,43,48,Quarter
497,3944926,4001758,41,69,Dotted Half
498,3944926,3962846,43,49,Quarter
499,3963358,3972061,41,86,Eighth
500,3963358,3980766,42,61,Quarter
501,3972574,3980766,41,85,Eighth
502,3980766,3988957,41,83,Eighth
503,3980766,4001758,42,66,Quarter
504,3980766,4001758,43,54,Quarter
505,3988957,4001758,41,81,Eighth
506,4001758,4018142,41,73,Quarter
507,4001758,4009950,41,80,Eighth
508,4001758,4018142,43,52,Quarter
509,4001758,4038110,42,66,Half
510,4009950,4018142,41,81,Eighth
511,4018654,4038110,41,83,Quarter
512,4018654,4038110,41,78,Quarter
513,4018654,4038110,43,50,Quarter
514,4038110,4055006,42,62,Dotted Eighth
515,4038110,4055006,41,86,Dotted Eighth
516,4038110,4055006,41,74,Dotted Eighth
517,4038110,4055006,43,47,Dotted Eighth
518,4060126,4073438,43,52,Dotted Eighth
519,4060126,4073438,42,59,Dotted Eighth
520,4060126,4073438,41,74,Dotted Eighth
521,4060126,4073438,41,80,Dotted Eighth
522,4077534,4107742,41,81,Quarter
523,4077534,4107742,41,73,Quarter
524,4077534,4107742,42,57,Quarter
525,4077534,4107742,43,45,Quarter
526,4127198,4145118,41,64,Quarter
527,4145118,4195806,41,71,Dotted Half
528,4145118,4195806,41,68,Dotted Half
529,4145118,4195806,42,64,Dotted Half
530,4145118,4195806,43,62,Dotted Half
531,4195806,4269534,41,69,Dotted Half
532,4195806,4269534,41,73,Dotted Half
533,4195806,4269534,42,64,Dotted Half
534,4195806,4269534,43,61,Dotted Half
535,4269534,4275166,41,76,Sixteenth
536,4269534,4283358,41,68,Dotted Eighth
537,4269534,4283358,42,64,Dotted Eighth
538,4269534,4283358,43,59,Dotted Eighth
539,4275166,4280286,41,74,Sixteenth
540,4280286,4286942,41,73,Dotted Sixteenth
541,4288990,4295134,41,74,Dotted Sixteenth
542,4288990,4300254,41,71,Dotted Eighth
543,4288990,4300254,42,64,Dotted Eighth
544,4288990,4300254,43,56,Dotted Eighth
545,4297694,4303326,41,71,Dotted Sixteenth
546,4305886,4318174,42,64,Dotted Eighth
547,4305886,4313054,41,76,Dotted Sixteenth
548,4305886,4318174,41,68,Dotted Eighth
549,4305886,4318174,43,52,Dotted Eighth
550,4315102,4321758,41,74,Dotted Sixteenth
551,4323806,4350942,41,73,Dotted Eighth
552,4323806,4350942,41,64,Dotted Eighth
553,4323806,4350942,42,64,Dotted Eighth
554,4323806,4350942,43,57,Dotted Eighth
555,4364254,4376030,41,81,Dotted Eighth
556,4398558,4453342,41,83,Dotted Half
557,4398558,4453342,41,64,Dotted Half
558,4398558,4453342,41,71,Dotted Half
559,4398558,4453342,42,56,Dotted Half
560,4398558,4453342,43,50,Dotted Half
561,4453342,4515294,42,57,Dotted Half
562,4453342,4515294,41,85,Dotted Half
563,4453342,4515294,41,64,Dotted Half
564,4453342,4515294,41,73,Dotted Half
565,4453342,4515294,43,49,Dotted Half
566,4515294,4539870,42,57,Quarter
567,4515294,4550110,41,88,Dotted Quarter
568,4515294,4550110,41,66,Dotted Quarter
569,4515294,4562398,43,47,Half
570,4541406,4555230,42,69,Dotted Eighth
571,4550110,4557278,41,74,Dotted Sixteenth
572,4550110,4557278,41,86,Dotted Sixteenth
573,4562398,4569054,41,85,Dotted Sixteenth
574,4562398,4569054,41,74,Dotted Sixteenth
575,4562398,4576222,42,68,Dotted Eighth
576,4562398,4580830,43,52,Quarter
577,4571614,4578270,41,83,Dotted Sixteenth
578,4571614,4578270,41,74,Dotted Sixteenth
579,4580830,4615134,43,45,Quarter
580,4580830,4615134,41,81,Quarter
581,4580830,4615134,41,73,Quarter
582,4580830,4615134,42,69,Quarter
583,4634078,4654558,41,64,Quarter
584,4654558,4714462,41,74,Dotted Half
585,4654558,4714462,41,59,Dotted Half
586,4654558,4714462,42,56,Dotted Half
587,4654558,4675550,43,52,Quarter
588,4675550,4691934,43,52,Quarter
589,4692446,4714462,43,52,Quarter
590,4714462,4764126,42,57,Dotted Half
591,4714462,4722654,41,73,Eighth
592,4714462,4731358,43,52,Quarter
593,4714462,4764126,41,61,Dotted Half
594,4722654,4729310,41,76,Dotted Sixteenth
595,4731358,4748766,43,52,Quarter
596,4731358,4737502,41,74,Dotted Sixteenth
597,4740574,4746718,41,73,Dotted Sixteenth
598,4749278,4754398,41,71,Dotted Sixteenth
599,4749278,4764126,43,52,Quarter
600,4756446,4762078,41,69,Dotted Sixteenth
601,4765150,4783070,42,59,Quarter
602,4765150,4783070,43,52,Quarter
603,4765150,4771806,41,68,Dotted Sixteenth
604,4765150,4783070,41,62,Quarter
605,4773342,4781022,41,64,Dotted Sixteenth
606,4783070,4790238,41,68,Dotted Sixteenth
607,4792286,4798430,41,71,Dotted Sixteenth
608,4800478,4807134,41,76,Dotted Sixteenth
609,4809694,4815326,41,78,Dotted Sixteenth
610,4817886,4824030,41,80,Dotted Sixteenth
611,4826078,4832734,41,76,Dotted Sixteenth
612,4835294,4841950,41,80,Dotted Sixteenth
613,4843998,4850142,41,81,Dotted Sixteenth
614,4852190,4860382,41,83,Dotted Sixteenth
615,4862430,4869086,41,85,Dotted Sixteenth
616,4871646,4888030,43,64,Quarter
617,4871646,4922846,41,86,Dotted Half
618,4871646,4922846,41,71,Dotted Half
619,4871646,4922846,42,68,Dotted Half
620,4888030,4904926,43,64,Quarter
621,4904926,4922846,43,64,Quarter
622,4923358,4977630,42,69,Dotted Half
623,4923358,4931038,41,85,Eighth
624,4923358,4939230,43,64,Quarter
625,4923358,4977630,41,73,Dotted Half
626,4931550,4937182,41,88,Dotted Sixteenth
627,4939742,4956638,43,64,Quarter
628,4939742,4945886,41,86,Dotted Sixteenth
629,4947934,4955102,41,85,Dotted Sixteenth
630,4956638,4962782,41,83,Dotted Sixteenth
631,4956638,4977630,43,64,Quarter
632,4964830,4975582,41,81,Dotted Sixteenth
633,4977630,4997086,42,71,Quarter
634,4977630,4997086,43,64,Quarter
635,4977630,4984286,41,80,Dotted Sixteenth
636,4977630,4997086,41,74,Quarter
637,4986846,4994014,41,78,Dotted Sixteenth
638,4997598,5004766,41,76,Dotted Sixteenth
639,5007326,5013470,41,75,Dotted Sixteenth
640,5015518,5020638,41,76,Dotted Sixteenth
641,5022686,5028318,41,78,Dotted Sixteenth
642,5030366,5036510,41,80,Dotted Sixteenth
643,5038558,5044702,41,81,Dotted Sixteenth
644,5047262,5052894,41,82,Dotted Sixteenth
645,5055454,5062110,41,83,Dotted Sixteenth
646,5064158,5070814,41,84,Dotted Sixteenth
647,5072862,5079006,41,85,Dotted Sixteenth
648,5081054,5087198,41,86,Dotted Sixteenth
649,5081054,5099486,43,53,Quarter
650,5089246,5097438,41,83,Dotted Sixteenth
651,5099998,5107678,41,80,Dotted Sixteenth
652,5099998,5119966,42,68,Quarter
653,5099998,5119966,41,71,Quarter
654,5110238,5117918,41,74,Dotted Sixteenth
655,5120478,5127646,41,86,Dotted Sixteenth
656,5120478,5137886,41,74,Quarter
657,5120478,5137886,42,71,Quarter
658,5129694,5135838,41,86,Dotted Sixteenth
659,5137886,5155294,43,54,Quarter
660,5137886,5145054,41,85,Dotted Sixteenth
661,5147102,5153246,41,81,Dotted Sixteenth
662,5155294,5160926,41,78,Dotted Sixteenth
663,5155294,5171166,41,69,Quarter
664,5155294,5171166,42,61,Quarter
665,5163486,5169118,41,73,Dotted Sixteenth
666,5171678,5178846,41,85,Dotted Sixteenth
667,5171678,5189598,41,73,Quarter
668,5171678,5189598,42,69,Quarter
669,5181406,5187550,41,85,Dotted Sixteenth
670,5189598,5205470,43,56,Quarter
671,5189598,5195742,41,85,Dotted Sixteenth
672,5197790,5203422,41,80,Dotted Sixteenth
673,5205470,5222878,41,64,Quarter
674,5205470,5211614,41,76,Dotted Sixteenth
675,5205470,5222878,42,61,Quarter
676,5213662,5220830,41,73,Dotted Sixteenth
677,5223390,5239774,41,73,Quarter
678,5223390,5229022,41,85,Dotted Sixteenth
679,5223390,5239774,42,64,Quarter
680,5231582,5237726,41,85,Dotted Sixteenth
681,5239774,5248478,41,85,Dotted Sixteenth
682,5239774,5258718,43,57,Quarter
683,5250526,5256670,41,79,Dotted Sixteenth
684,5258718,5277662,42,61,Quarter
685,5258718,5266910,41,76,Dotted Sixteenth
686,5258718,5277662,41,64,Quarter
687,5268958,5275614,41,73,Dotted Sixteenth
688,5278174,5283806,41,85,Dotted Sixteenth
689,5278174,5294046,41,73,Quarter
690,5278174,5294046,42,64,Quarter
691,5286366,5291998,41,85,Dotted Sixteenth
692,5294558,5301214,41,80,Dotted Sixteenth
693,5294558,5311966,43,56,Quarter
694,5303262,5309406,41,76,Dotted Sixteenth
695,5311966,5318110,41,73,Dotted Sixteenth
696,5311966,5327838,41,64,Quarter
697,5311966,5327838,42,61,Quarter
698,5319646,5325790,41,68,Dotted Sixteenth
699,5327838,5333982,41,68,Dotted Sixteenth
700,5327838,5344222,41,68,Quarter
701,5327838,5344222,42,64,Quarter
702,5336542,5342686,41,68,Dotted Sixteenth
703,5344734,5364190,43,44,Quarter
704,5344734,5351390,41,68,Dotted Sixteenth
705,5353438,5361630,41,63,Dotted Sixteenth
706,5364702,5382622,41,56,Quarter
707,5364702,5371358,41,60,Dotted Sixteenth
708,5364702,5382622,42,54,Quarter
709,5373918,5380062,41,56,Dotted Sixteenth
710,5382622,5406174,41,56,Quarter
711,5382622,5390302,41,56,Dotted Sixteenth
712,5382622,5406174,42,54,Quarter
713,5393374,5403614,41,56,Dotted Sixteenth
714,5406174,5429726,43,37,Quarter
715,5406174,5466078,41,61,Dotted Half
716,5406174,5466078,41,56,Dotted Half
717,5406174,5466078,42,52,Dotted Half
718,5429726,5448670,43,37,Quarter
719,5449182,5466078,43,37,Quarter
720,5466590,5483998,43,37,Quarter
721,5466590,5520350,41,64,Dotted Half
722,5466590,5520350,41,61,Dotted Half
723,5466590,5520350,42,56,Dotted Half
724,5485022,5502942,43,37,Quarter
725,5502942,5520350,43,37,Quarter
726,5520350,5556702,41,63,Half
727,5520350,5539806,43,37,Quarter
728,5520350,5546974,42,57,Dotted Quarter
729,5520350,5611998,41,60,Unknown
730,5539806,5556702,43,37,Quarter
731,5547486,5556702,42,56,Eighth
732,5556702,5567454,42,57,Eighth
733,5556702,5575646,43,37,Quarter
734,5556702,5561822,41,64,Sixteenth
735,5561822,5567454,41,63,Sixteenth
736,5567454,5575646,42,56,Eighth
737,5567454,5571550,41,61,Sixteenth
738,5571550,5575646,41,63,Sixteenth
739,5575646,5593566,42,54,Quarter
740,5575646,5593566,43,37,Quarter
741,5575646,5611998,41,68,Half
742,5594078,5611998,43,37,Quarter
743,5594078,5611998,42,54,Quarter
744,5612510,5622750,41,57,Eighth
745,5612510,5632478,41,60,Quarter
746,5612510,5632478,42,54,Quarter
747,5612510,5632478,43,37,Quarter
748,5622750,5632478,41,56,Eighth
749,5632990,5693917,41,56,Dotted Half
750,5632990,5650910,43,37,Quarter
751,5632990,5650910,41,61,Quarter
752,5632990,5693917,42,52,Dotted Half
753,5650910,5671902,43,37,Quarter
754,5650910,5655006,41,63,Sixteenth
755,5655006,5659614,41,61,Sixteenth
756,5659614,5671902,41,60,Eighth
757,5671902,5682653,41,61,Eighth
758,5671902,5693917,43,37,Quarter
759,5683166,5693917,41,63,Eighth
760,5693917,5708766,41,64,Dotted Eighth
761,5693917,5708766,42,52,Dotted Eighth
762,5693917,5708766,43,49,Dotted Eighth
763,5714398,5726686,41,64,Dotted Eighth
764,5714398,5726686,42,52,Dotted Eighth
765,5714398,5726686,43,49,Dotted Eighth
766,5734365,5746654,41,64,Dotted Eighth
767,5734365,5746654,42,52,Dotted Eighth
768,5734365,5746654,43,49,Dotted Eighth
769,5850078,5856734,41,73,Eighth
770,5870558,5925854,41,76,Dotted Half
771,5891550,5908446,41,73,Quarter
772,5908958,5925854,41,69,Quarter
773,5925854,5980125,41,71,Dotted Half
774,5942750,5959646,41,68,Quarter
775,5960158,5980125,41,64,Quarter
776,5980125,5988830,41,74,Eighth
777,5988830,5999070,41,73,Eighth
778,5999070,6007261,41,71,Eighth
779,5999070,6016990,41,61,Quarter
780,6007261,6016990,41,69,Eighth
781,6016990,6035934,41,57,Quarter
782,6016990,6027230,41,68,Eighth
783,6027742,6035934,41,69,Eighth
784,6036445,6052830,41,73,Quarter
785,6036445,6052830,41,64,Quarter
786,6052830,6065118,41,71,Dotted Eighth
787,6069214,6082014,41,73,Dotted Eighth
788,6087134,6151134,41,76,Dotted Half
789,6111198,6129630,41,73,Quarter
790,6129630,6151134,41,69,Quarter
791,6152670,6187998,41,73,Half
792,6169565,6187998,41,69,Quarter
793,6187998,6204894,41,73,Quarter
794,6187998,6204894,41,66,Quarter
795,6204894,6258142,41,81,Dotted Half
796,6226910,6242782,41,78,Quarter
797,6242782,6258142,41,75,Quarter
798,6258142,6292958,41,75,Half
799,6275549,6292958,41,71,Quarter
800,6292958,6320094,41,75,Quarter
801,6292958,6320094,41,69,Quarter
802,6320094,6377950,41,83,Dotted Half
803,6345694,6360542,41,67,Quarter
804,6361053,6377950,41,64,Quarter
805,6377950,6386142,41,81,Eighth
806,6386142,6397406,41,79,Eighth
807,6397406,6405086,41,78,Eighth
808,6397406,6414302,41,71,Quarter
809,6405598,6414302,41,76,Eighth
810,6414814,6425566,41,79,Eighth
811,6414814,6435294,41,67,Quarter
812,6425566,6435294,41,76,Eighth
813,6435294,6453214,41,74,Quarter
814,6453214,6459358,41,76,Sixteenth
815,6453214,6473694,41,69,Quarter
816,6459358,6463454,41,74,Sixteenth
817,6463454,6468062,41,73,Sixteenth
818,6468062,6474718,41,74,Sixteenth
819,6474718,6482398,41,78,Eighth
820,6474718,6491102,41,57,Quarter
821,6474718,6491102,42,57,Quarter
822,6482909,6491102,41,76,Eighth
823,6491102,6514142,41,62,Quarter
824,6491102,6514142,41,74,Quarter
825,6491102,6549470,42,69,Dotted Half
826,6514142,6532573,43,54,Quarter
827,6533086,6549470,43,50,Quarter
828,6549982,6606302,42,64,Dotted Half
829,6569950,6588382,43,49,Quarter
830,6588382,6606302,41,61,Quarter
831,6588382,6606302,43,45,Quarter
832,6606813,6661085,41,69,Dotted Half
833,6606813,6616029,42,67,Eighth
834,6616029,6624734,42,66,Eighth
835,6624734,6641630,43,38,Quarter
836,6624734,6633949,42,64,Eighth
837,6633949,6641630,42,62,Eighth
838,6641630,6650334,42,61,Eighth
839,6641630,6661085,43,42,Quarter
840,6650334,6661085,42,62,Eighth
841,6661598,6716382,41,64,Dotted Half
842,6661598,6672349,42,62,Eighth
843,6672862,6680542,42,61,Eighth
844,6680542,6690269,42,59,Eighth
845,6680542,6699486,43,45,Quarter
846,6690269,6699486,42,57,Eighth
847,6699486,6716382,43,55,Quarter
848,6699486,6707678,42,59,Eighth
849,6699486,6716382,41,69,Quarter
850,6707678,6716382,42,61,Eighth
851,6717405,6771166,41,81,Dotted Half
852,6717405,6726622,41,67,Eighth
853,6717405,6735325,42,62,Quarter
854,6727134,6735325,41,66,Eighth
855,6735838,6744030,41,64,Eighth
856,6735838,6754782,42,69,Quarter
857,6735838,6754782,43,54,Quarter
858,6744030,6754782,41,62,Eighth
859,6754782,6762974,41,61,Eighth
860,6754782,6771166,43,45,Quarter
861,6762974,6771166,41,62,Eighth
862,6771166,6824414,41,76,Dotted Half
863,6771166,6779358,41,62,Eighth
864,6771166,6787550,42,57,Quarter
865,6779870,6787550,41,61,Eighth
866,6788062,6799838,41,59,Eighth
867,6788062,6808030,42,64,Quarter
868,6788062,6808030,43,49,Quarter
869,6799838,6808030,41,57,Eighth
870,6808030,6824414,43,45,Quarter
871,6808030,6816734,41,56,Eighth
872,6816734,6824414,41,57,Eighth
873,6824414,6833118,41,79,Eighth
874,6824414,6841822,42,57,Quarter
875,6824414,6877662,41,69,Dotted Half
876,6833118,6841822,41,78,Eighth
877,6842334,6850526,41,76,Eighth
878,6842334,6859742,42,66,Quarter
879,6842334,6859742,43,50,Quarter
880,6851038,6859742,41,74,Eighth
881,6859742,6869470,41,73,Eighth
882,6859742,6877662,43,45,Quarter
883,6869470,6877662,41,74,Eighth
884,6877662,6894046,42,57,Quarter
885,6877662,6885854,41,61,Eighth
886,6877662,6894046,41,78,Quarter
887,6885854,6894046,41,69,Eighth
888,6894558,6902237,41,73,Eighth
889,6894558,6907870,41,76,Dotted Eighth
890,6894558,6913501,42,67,Quarter
891,6894558,6913501,43,57,Quarter
892,6902750,6913501,41,69,Eighth
893,6914526,6923742,41,69,Eighth
894,6914526,6923742,41,76,Eighth
895,6914526,6932446,43,55,Quarter
896,6923742,6932446,41,73,Eighth
897,6932446,6982110,41,81,Dotted Half
898,6932446,6949342,41,74,Quarter
899,6932446,6949342,42,66,Quarter
900,6949342,6965213,43,54,Quarter
901,6949342,6965213,42,62,Quarter
902,6965726,6982110,43,50,Quarter
903,6965726,7017950,41,69,Dotted Half
904,6982110,7017950,41,78,Half
905,6982110,6998494,42,57,Quarter
906,6998494,7017950,43,49,Quarter
907,6998494,7017950,42,62,Quarter
908,7018462,7042013,43,50,Quarter
909,7018462,7042013,41,78,Quarter
910,7018462,7076830,41,66,Dotted Half
911,7042013,7094238,41,86,Dotted Half
912,7042013,7058910,42,59,Quarter
913,7058910,7076830,43,46,Quarter
914,7058910,7076830,42,62,Quarter
915,7077342,7094238,43,47,Quarter
916,7077342,7112670,41,74,Half
917,7094750,7112670,42,59,Quarter
918,7094750,7132125,41,80,Half
919,7112670,7132125,43,52,Quarter
920,7112670,7132125,41,68,Quarter
921,7112670,7132125,42,64,Quarter
922,7132125,7183326,41,76,Dotted Half
923,7132125,7150046,41,80,Quarter
924,7132125,7150046,43,50,Quarter
925,7150558,7200734,41,88,Dotted Half
926,7150558,7166942,42,61,Quarter
927,7166942,7183326,42,57,Quarter
928,7166942,7183326,43,48,Quarter
929,7183326,7235550,41,69,Dotted Half
930,7183326,7200734,43,49,Quarter
931,7201246,7208414,41,86,Eighth
932,7201246,7216606,42,61,Quarter
933,7208925,7216606,41,85,Eighth
934,7216606,7235550,42,66,Quarter
935,7216606,7224798,41,83,Eighth
936,7216606,7235550,43,54,Quarter
937,7224798,7235550,41,81,Eighth
938,7235550,7243742,41,80,Eighth
939,7235550,7271390,42,66,Half
940,7235550,7252446,41,73,Quarter
941,7235550,7252446,43,52,Quarter
942,7243742,7252446,41,81,Eighth
943,7252958,7271390,41,78,Quarter
944,7252958,7271390,41,83,Quarter
945,7252958,7271390,43,50,Quarter
946,7271901,7284702,41,86,Dotted Eighth
947,7271901,7284702,41,74,Dotted Eighth
948,7271901,7284702,42,62,Dotted Eighth
949,7271901,7284702,43,47,Dotted Eighth
950,7291358,7309790,42,59,Dotted Eighth
951,7291358,7309790,41,80,Dotted Eighth
952,7291358,7309790,41,74,Dotted Eighth
953,7291358,7309790,43,52,Dotted Eighth
954,7314398,7343582,41,81,Quarter
955,7314398,7343582,41,73,Quarter
956,7314398,7343582,42,57,Quarter
957,7314398,7343582,43,45,Quarter
958,7361502,7379422,41,64,Quarter
959,7379422,7432670,41,71,Dotted Half
960,7379422,7432670,41,68,Dotted Half
961,7379422,7432670,42,64,Dotted Half
962,7379422,7432670,43,62,Dotted Half
963,7432670,7501789,41,73,Dotted Half
964,7432670,7501789,41,69,Dotted Half
965,7432670,7501789,42,64,Dotted Half
966,7432670,7501789,43,61,Dotted Half
967,7502302,7515614,42,64,Dotted Eighth
968,7502302,7506910,41,76,Sixteenth
969,7502302,7515614,41,68,Dotted Eighth
970,7502302,7515614,43,59,Dotted Eighth
971,7506910,7512030,41,74,Sixteenth
972,7512030,7519198,41,73,Dotted Sixteenth
973,7523294,7529438,41,74,Dotted Sixteenth
974,7523294,7534558,41,71,Dotted Eighth
975,7523294,7534558,42,64,Dotted Eighth
976,7523294,7534558,43,56,Dotted Eighth
977,7531486,7538142,41,71,Dotted Sixteenth
978,7540702,7548382,41,76,Dotted Sixteenth
979,7540702,7553502,41,68,Dotted Eighth
980,7540702,7553502,42,64,Dotted Eighth
981,7540702,7553502,43,52,Dotted Eighth
982,7550942,7557086,41,74,Dotted Sixteenth
983,7559134,7582174,41,73,Dotted Eighth
984,7559134,7582174,41,64,Dotted Eighth
985,7559134,7582174,42,64,Dotted Eighth
986,7559134,7582174,43,57,Dotted Eighth
987,7588318,7600094,41,81,Dotted Eighth
988,7622622,7696862,41,83,Dotted Half
989,7622622,7696862,41,64,Dotted Half
990,7622622,7696862,41,71,Dotted Half
991,7622622,7696862,42,56,Dotted Half
992,7622622,7696862,43,50,Dotted Half
993,7696862,7759326,41,64,Dotted Half
994,7696862,7759326,41,73,Dotted Half
995,7696862,7759326,42,57,Dotted Half
996,7696862,7759326,41,85,Dotted Half
997,7696862,7759326,43,49,Dotted Half
998,7759838,7800286,43,47,Half
999,7759838,7781341,42,57,Quarter
1000,7759838,7791582,41,88,Dotted Quarter
1001,7759838,7791582,41,66,Dotted Quarter
1002,7781341,7795678,42,69,Dotted Eighth
1003,7791582,7797726,41,86,Dotted Sixteenth
1004,7791582,7797726,41,74,Dotted Sixteenth
1005,7800798,7807454,41,74,Dotted Sixteenth
1006,7800798,7815646,42,68,Dotted Eighth
1007,7800798,7807454,41,85,Dotted Sixteenth
1008,7800798,7820766,43,52,Quarter
1009,7810526,7818206,41,83,Dotted Sixteenth
1010,7810526,7818206,41,74,Dotted Sixteenth
1011,7821278,7868894,41,81,Quarter
1012,7821278,7868894,41,73,Quarter
1013,7821278,7868894,42,69,Quarter
1014,7821278,7868894,43,45,Quarter
1015,7886814,7911390,41,64,Quarter
1016,7886814,7911390,42,52,Quarter
1017,7911902,7955422,41,73,Half
1018,7911902,7935454,41,61,Quarter
1019,7911902,7935454,42,49,Quarter
1020,7911902,7955422,41,76,Half
1021,7911902,7955422,43,45,Half
1022,7935454,7955422,42,52,Quarter
1023,7935454,7955422,41,64,Quarter
1024,7955422,7977950,41,73,Quarter
1025,7955422,7977950,41,76,Quarter
1026,7955422,7977950,41,69,Quarter
1027,7955422,7977950,42,57,Quarter
1028,7955422,7977950,43,40,Quarter
1029,7978462,7997406,41,69,Quarter
1030,7978462,7997406,42,57,Quarter
1031,7978462,8016350,41,74,Half
1032,7978462,8016350,41,76,Half
1033,7978462,8016350,43,47,Half
1034,7997406,8016350,41,68,Quarter
1035,7997406,8016350,42,56,Quarter
1036,8016350,8039902,41,69,Quarter
1037,8016350,8039902,41,76,Quarter
1038,8016350,8039902,41,74,Quarter
1039,8016350,8039902,42,57,Quarter
1040,8016350,8039902,43,40,Quarter
1041,8040926,8076765,43,50,Half
1042,8040926,8058334,41,71,Quarter
1043,8040926,8058334,42,59,Quarter
1044,8040926,8076765,41,64,Half
1045,8040926,8076765,41,76,Half
1046,8058334,8062430,41,73,Sixteenth
1047,8058334,8062430,42,61,Sixteenth
1048,8062430,8066526,42,59,Sixteenth
1049,8062430,8066526,41,71,Sixteenth
1050,8066526,8076765,42,58,Eighth
1051,8066526,8076765,41,70,Eighth
1052,8076765,8098782,41,64,Quarter
1053,8076765,8098782,43,40,Quarter
1054,8076765,8098782,41,76,Quarter
1055,8076765,8087518,42,59,Eighth
1056,8076765,8087518,41,71,Eighth
1057,8087518,8098782,41,73,Eighth
1058,8087518,8098782,42,61,Eighth
1059,8098782,8136670,43,49,Half
1060,8098782,8117213,41,71,Quarter
1061,8098782,8117213,42,59,Quarter
1062,8098782,8136670,41,64,Half
1063,8098782,8136670,41,76,Half
1064,8117726,8136670,42,57,Quarter
1065,8117726,8136670,41,69,Quarter
1066,8136670,8155613,43,49,Quarter
1067,8136670,8155613,41,64,Quarter
1068,8136670,8155613,41,76,Quarter
1069,8136670,8181726,41,69,Half
1070,8136670,8181726,42,57,Half
1071,8155613,8205790,41,64,Half
1072,8155613,8205790,43,47,Half
1073,8155613,8205790,41,76,Half
1074,8182238,8205790,41,68,Quarter
1075,8182238,8205790,42,56,Quarter
1076,8205790,8250333,42,55,Half
1077,8205790,8225246,41,64,Quarter
1078,8205790,8225246,41,76,Quarter
1079,8205790,8225246,43,46,Quarter
1080,8205790,8250333,41,67,Half
1081,8225246,8267742,43,47,Half
1082,8225246,8267742,41,64,Half
1083,8225246,8267742,41,76,Half
1084,8250846,8267742,41,66,Quarter
1085,8250846,8267742,42,54,Quarter
1086,8267742,8304606,41,76,Half
1087,8267742,8284125,42,56,Quarter
1088,8267742,8284125,43,59,Quarter
1089,8267742,8284125,41,68,Quarter
1090,8284125,8304606,41,69,Quarter
1091,8284125,8304606,42,57,Quarter
1092,8284125,8327646,43,47,Half
1093,8304606,8327646,41,76,Quarter
1094,8304606,8327646,41,66,Quarter
1095,8304606,8327646,42,54,Quarter
1096,8328158,8351709,41,75,Quarter
1097,8328158,8351709,41,71,Quarter
1098,8328158,8351709,42,59,Quarter
1099,8328158,8351709,43,59,Quarter
1100,8351709,8373214,41,76,Quarter
1101,8351709,8373214,41,64,Quarter
1102,8351709,8373214,42,52,Quarter
1103,8351709,8373214,43,52,Quarter
1104,8391646,8414174,41,64,Quarter
1105,8391646,8414174,42,52,Quarter
1106,8414174,8432606,41,61,Quarter
1107,8414174,8451038,41,76,Half
1108,8414174,8451038,43,45,Half
1109,8414174,8451038,41,73,Half
1110,8414174,8432606,42,49,Quarter
1111,8432606,8451038,42,52,Quarter
1112,8432606,8451038,41,64,Quarter
1113,8451550,8476126,43,40,Quarter
1114,8451550,8476126,41,73,Quarter
1115,8451550,8476126,41,76,Quarter
1116,8451550,8476126,41,69,Quarter
1117,8451550,8476126,42,57,Quarter
1118,8476126,8495070,41,69,Quarter
1119,8476126,8495070,42,57,Quarter
1120,8476126,8512990,41,74,Half
1121,8476126,8512990,41,76,Half
1122,8476126,8512990,43,47,Half
1123,8495070,8512990,42,56,Quarter
1124,8495070,8512990,41,68,Quarter
1125,8512990,8538078,41,74,Quarter
1126,8512990,8538078,41,69,Quarter
1127,8512990,8538078,42,57,Quarter
1128,8512990,8538078,41,76,Quarter
1129,8512990,8538078,43,40,Quarter
1130,8538590,8577502,41,64,Half
1131,8538590,8577502,43,50,Half
1132,8538590,8560094,41,71,Quarter
1133,8538590,8560094,42,59,Quarter
1134,8538590,8577502,41,76,Half
1135,8560094,8564702,41,73,Sixteenth
1136,8560094,8564702,42,61,Sixteenth
1137,8564702,8568798,41,71,Sixteenth
1138,8564702,8568798,42,59,Sixteenth
1139,8568798,8577502,41,70,Eighth
1140,8568798,8577502,42,58,Eighth
1141,8577502,8587742,41,71,Eighth
1142,8577502,8587742,42,59,Eighth
1143,8577502,8599518,41,64,Quarter
1144,8577502,8599518,41,76,Quarter
1145,8577502,8599518,43,40,Quarter
1146,8588254,8599518,42,61,Eighth
1147,8588254,8599518,41,73,Eighth
1148,8600030,8618974,41,71,Quarter
1149,8600030,8638942,41,64,Half
1150,8600030,8638942,41,76,Half
1151,8600030,8618974,42,59,Quarter
1152,8600030,8638942,43,49,Half
1153,8618974,8638942,41,69,Quarter
1154,8618974,8638942,42,57,Quarter
1155,8638942,8657886,41,76,Quarter
1156,8638942,8657886,43,49,Quarter
1157,8638942,8657886,41,64,Quarter
1158,8638942,8678878,41,69,Half
1159,8638942,8678878,42,57,Half
1160,8658398,8698334,43,47,Half
1161,8658398,8698334,41,64,Half
1162,8658398,8698334,41,76,Half
1163,8678878,8698334,42,56,Quarter
1164,8678878,8698334,41,68,Quarter
1165,8698334,8720350,41,64,Quarter
1166,8698334,8720350,41,76,Quarter
1167,8698334,8720350,43,46,Quarter
1168,8698334,8739806,41,67,Half
1169,8698334,8739806,42,55,Half
1170,8720350,8758238,41,64,Half
1171,8720350,8758238,43,47,Half
1172,8720350,8758238,41,76,Half
1173,8740318,8758238,41,66,Quarter
1174,8740318,8758238,42,54,Quarter
1175,8758238,8778718,43,59,Quarter
1176,8758238,8798174,41,76,Half
1177,8758238,8778718,42,56,Quarter
1178,8758238,8778718,41,68,Quarter
1179,8778718,8819166,43,47,Half
1180,8778718,8798174,41,69,Quarter
1181,8778718,8798174,42,57,Quarter
1182,8798174,8819166,41,66,Quarter
1183,8798174,8819166,42,54,Quarter
1184,8798174,8819166,41,76,Quarter
1185,8819678,8841694,43,59,Quarter
1186,8819678,8841694,41,75,Quarter
1187,8819678,8841694,41,71,Quarter
1188,8819678,8841694,42,59,Quarter
1189,8841694,8871390,41,64,Quarter
1190,8841694,8871390,42,52,Quarter
1191,8841694,8871390,41,76,Quarter
1192,8841694,8871390,43,52,Quarter
1193,8893406,8912862,42,64,Quarter
1194,8912862,9044446,41,64,Unknown
1195,8912862,8933342,42,76,Quarter
1196,8912862,8933342,43,61,Quarter
1197,8937438,8953822,43,56,Quarter
1198,8937438,8953822,42,71,Quarter
1199,8953822,8971742,42,73,Quarter
1200,8953822,8971742,43,57,Quarter
1201,8971742,8989150,42,74,Quarter
1202,8971742,8989150,43,59,Quarter
1203,8989662,9006558,43,54,Quarter
1204,8989662,9006558,42,69,Quarter
1205,9006558,9022942,42,71,Quarter
1206,9006558,9022942,43,56,Quarter
1207,9022942,9044446,42,73,Quarter
1208,9022942,9044446,43,57,Quarter
1209,9044446,9062366,41,64,Quarter
1210,9044446,9062366,42,71,Quarter
1211,9044446,9062366,43,56,Quarter
1212,9062878,9081822,41,63,Quarter
1213,9062878,9081822,42,69,Quarter
1214,9062878,9081822,43,54,Quarter
1215,9081822,9099742,43,52,Quarter
1216,9081822,9099742,41,64,Quarter
1217,9081822,9099742,42,68,Quarter
1218,9099742,9120222,42,52,Quarter
1219,9099742,9111518,41,75,Eighth
1220,9112030,9120222,41,76,Eighth
1221,9120734,9130462,41,75,Eighth
1222,9120734,9141726,41,76,Quarter
1223,9120734,9141726,42,52,Quarter
1224,9131486,9158622,41,76,Dotted Quarter
1225,9141726,9273310,42,52,Unknown
1226,9141726,9158622,41,88,Quarter
1227,9141726,9158622,43,49,Quarter
1228,9158622,9176030,41,71,Quarter
1229,9158622,9176030,43,44,Quarter
1230,9158622,9176030,41,83,Quarter
1231,9176542,9194974,43,45,Quarter
1232,9176542,9194974,41,85,Quarter
1233,9176542,9194974,41,73,Quarter
1234,9194974,9215454,41,86,Quarter
1235,9194974,9215454,43,47,Quarter
1236,9194974,9215454,41,74,Quarter
1237,9215454,9234910,41,69,Quarter
1238,9215454,9234910,41,81,Quarter
1239,9215454,9234910,43,42,Quarter
1240,9234910,9253854,41,71,Quarter
1241,9234910,9253854,41,83,Quarter
1242,9234910,9253854,43,44,Quarter
1243,9254366,9273310,41,73,Quarter
1244,9254366,9273310,41,85,Quarter
1245,9254366,9273310,43,45,Quarter
1246,9273310,9290206,42,64,Quarter
1247,9273310,9290206,41,83,Quarter
1248,9273310,9290206,41,71,Quarter
1249,9273310,9290206,43,44,Quarter
1250,9290206,9312734,41,81,Quarter
1251,9290206,9312734,41,69,Quarter
1252,9290206,9312734,42,64,Quarter
1253,9290206,9312734,43,42,Quarter
1254,9313246,9331166,41,80,Quarter
1255,9313246,9331166,41,68,Quarter
1256,9313246,9331166,42,64,Quarter
1257,9313246,9331166,43,40,Quarter
1258,9331166,9358814,42,63,Quarter
1259,9358814,9380318,41,76,Quarter
1260,9358814,9380318,41,64,Quarter
1261,9358814,9380318,42,62,Quarter
1262,9381342,9424862,42,52,Half
1263,9381342,9424862,43,45,Half
1264,9381342,9402846,41,73,Quarter
1265,9381342,9402846,41,61,Quarter
1266,9381342,9424862,42,61,Half
1267,9402846,9424862,41,76,Quarter
1268,9402846,9424862,41,64,Quarter
1269,9424862,9446878,41,81,Quarter
1270,9424862,9446878,42,52,Quarter
1271,9424862,9446878,41,69,Quarter
1272,9424862,9446878,42,61,Quarter
1273,9424862,9446878,43,40,Quarter
1274,9446878,9483230,43,47,Half
1275,9446878,9464798,41,81,Quarter
1276,9446878,9464798,41,69,Quarter
1277,9446878,9483230,42,52,Half
1278,9446878,9483230,42,62,Half
1279,9465310,9483230,41,68,Quarter
1280,9465310,9483230,41,80,Quarter
1281,9483230,9505758,41,69,Quarter
1282,9483230,9505758,41,81,Quarter
1283,9483230,9505758,42,52,Quarter
1284,9483230,9505758,42,62,Quarter
1285,9483230,9505758,43,40,Quarter
1286,9505758,9524190,41,83,Quarter
1287,9505758,9524190,41,71,Quarter
1288,9505758,9541086,42,62,Half
1289,9505758,9541086,43,44,Half
1290,9505758,9541086,42,52,Half
1291,9524702,9528798,41,85,Sixteenth
1292,9524702,9528798,41,73,Sixteenth
1293,9528798,9532894,41,71,Sixteenth
1294,9528798,9532894,41,83,Sixteenth
1295,9532894,9541086,41,70,Eighth
1296,9532894,9541086,41,82,Eighth
1297,9541086,9557470,42,62,Quarter
1298,9541086,9557470,43,40,Quarter
1299,9541086,9549278,41,83,Eighth
1300,9541086,9549278,41,71,Eighth
1301,9541086,9557470,42,52,Quarter
1302,9549278,9557470,41,73,Eighth
1303,9549278,9557470,41,85,Eighth
1304,9557470,9596382,43,45,Half
1305,9557470,9578462,41,83,Quarter
1306,9557470,9578462,41,71,Quarter
1307,9557470,9596382,42,52,Half
1308,9557470,9596382,42,61,Half
1309,9578974,9596382,41,69,Quarter
1310,9578974,9596382,41,81,Quarter
1311,9596382,9614814,43,49,Quarter
1312,9596382,9633246,41,69,Half
1313,9596382,9633246,42,57,Half
1314,9596382,9649630,41,88,Dotted Half
1315,9614814,9649630,43,37,Half
1316,9633246,9649630,41,68,Quarter
1317,9633246,9649630,42,56,Quarter
1318,9650142,9688542,42,55,Half
1319,9650142,9688542,41,67,Half
1320,9650142,9671134,43,49,Quarter
1321,9650142,9688542,41,88,Half
1322,9671134,9713630,43,38,Half
1323,9688542,9713630,41,86,Quarter
1324,9688542,9713630,41,66,Quarter
1325,9688542,9713630,42,54,Quarter
1326,9714142,9752030,41,86,Half
1327,9714142,9734110,43,50,Quarter
1328,9714142,9752030,41,71,Half
1329,9714142,9752030,42,59,Half
1330,9734622,9769950,43,40,Half
1331,9752030,9769950,41,85,Quarter
1332,9752030,9769950,42,57,Quarter
1333,9752030,9769950,41,69,Quarter
1334,9769950,9790430,42,62,Quarter
1335,9769950,9790430,41,83,Quarter
1336,9769950,9790430,41,68,Quarter
1337,9769950,9790430,43,52,Quarter
1338,9790942,9819614,41,81,Quarter
1339,9790942,9819614,41,69,Quarter
1340,9790942,9819614,42,61,Quarter
1341,9790942,9819614,43,45,Quarter
1342,9839070,9857502,42,64,Quarter
1343,9857502,9876958,43,61,Quarter
1344,9857502,9876958,42,76,Quarter
1345,9857502,9986526,41,64,Unknown
1346,9876958,9895902,43,56,Quarter
1347,9876958,9895902,42,71,Quarter
1348,9895902,9915358,43,57,Quarter
1349,9895902,9915358,42,73,Quarter
1350,9915870,9933278,43,59,Quarter
1351,9915870,9933278,42,74,Quarter
1352,9933278,9951710,43,54,Quarter
1353,9933278,9951710,42,69,Quarter
1354,9951710,9968094,42,71,Quarter
1355,9951710,9968094,43,56,Quarter
1356,9968606,9986526,43,57,Quarter
1357,9968606,9986526,42,73,Quarter
1358,9986526,10004958,43,56,Quarter
1359,9986526,10004958,41,64,Quarter
1360,9986526,10004958,42,71,Quarter
1361,10004958,10023390,41,63,Quarter
1362,10004958,10023390,43,54,Quarter
1363,10004958,10023390,42,69,Quarter
1364,10024414,10046942,43,52,Quarter
1365,10024414,10046942,41,64,Quarter
1366,10024414,10046942,42,68,Quarter
1367,10046942,10064862,42,52,Quarter
1368,10046942,10056670,41,75,Eighth
1369,10056670,10064862,41,76,Eighth
1370,10064862,10082270,42,52,Quarter
1371,10064862,10073054,41,75,Eighth
1372,10064862,10082270,41,76,Quarter
1373,10073054,10098654,41,76,Dotted Quarter
1374,10082270,10098654,41,88,Quarter
1375,10082270,10098654,43,49,Quarter
1376,10082270,10212830,42,52,Unknown
1377,10099166,10116574,43,44,Quarter
1378,10099166,10116574,41,83,Quarter
1379,10099166,10116574,41,71,Quarter
1380,10116574,10137054,41,73,Quarter
1381,10116574,10137054,41,85,Quarter
1382,10116574,10137054,43,45,Quarter
1383,10137054,10156510,41,86,Quarter
1384,10137054,10156510,41,74,Quarter
1385,10137054,10156510,43,47,Quarter
1386,10157022,10175454,41,69,Quarter
1387,10157022,10175454,41,81,Quarter
1388,10157022,10175454,43,42,Quarter
1389,10175454,10192862,41,71,Quarter
1390,10175454,10192862,41,83,Quarter
1391,10175454,10192862,43,44,Quarter
1392,10192862,10212830,41,73,Quarter
1393,10192862,10212830,41,85,Quarter
1394,10192862,10212830,43,45,Quarter
1395,10213342,10230238,41,71,Quarter
1396,10213342,10230238,41,83,Quarter
1397,10213342,10230238,42,64,Quarter
1398,10213342,10230238,43,44,Quarter
1399,10230238,10249182,41,81,Quarter
1400,10230238,10249182,41,69,Quarter
1401,10230238,10249182,42,64,Quarter
1402,10230238,10249182,43,42,Quarter
1403,10249182,10270174,41,80,Quarter
1404,10249182,10270174,41,68,Quarter
1405,10249182,10270174,42,64,Quarter
1406,10249182,10270174,43,40,Quarter
1407,10270174,10292702,42,63,Quarter
1408,10293214,10319838,41,64,Quarter
1409,10293214,10319838,41,76,Quarter
1410,10293214,10319838,42,62,Quarter
1411,10319838,10338270,41,73,Quarter
1412,10319838,10338270,41,61,Quarter
1413,10319838,10359774,42,52,Half
1414,10319838,10359774,42,61,Half
1415,10319838,10359774,43,45,Half
1416,10338270,10359774,41,64,Quarter
1417,10338270,10359774,41,76,Quarter
1418,10360286,10390494,41,81,Quarter
1419,10360286,10390494,42,61,Quarter
1420,10360286,10390494,42,52,Quarter
1421,10360286,10390494,41,69,Quarter
1422,10360286,10390494,43,40,Quarter
1423,10390494,10408926,41,81,Quarter
1424,10390494,10408926,41,69,Quarter
1425,10390494,10425822,42,52,Half
1426,10390494,10425822,42,62,Half
1427,10390494,10425822,43,47,Half
1428,10408926,10425822,41,68,Quarter
1429,10408926,10425822,41,80,Quarter
1430,10426334,10443230,41,81,Quarter
1431,10426334,10443230,41,69,Quarter
1432,10426334,10443230,42,52,Quarter
1433,10426334,10443230,42,62,Quarter
1434,10426334,10443230,43,40,Quarter
1435,10443230,10479070,43,44,Half
1436,10443230,10479070,42,52,Half
1437,10443230,10461662,41,83,Quarter
1438,10443230,10461662,41,71,Quarter
1439,10443230,10479070,42,62,Half
1440,10461662,10465758,41,85,Sixteenth
1441,10461662,10465758,41,73,Sixteenth
1442,10465758,10470878,41,71,Sixteenth
1443,10465758,10470878,41,83,Sixteenth
1444,10470878,10479070,41,82,Eighth
1445,10470878,10479070,41,70,Eighth
1446,10479070,10487262,41,71,Eighth
1447,10479070,10499550,43,40,Quarter
1448,10479070,10487262,41,83,Eighth
1449,10479070,10499550,42,52,Quarter
1450,10479070,10499550,42,62,Quarter
1451,10487774,10499550,41,73,Eighth
1452,10487774,10499550,41,85,Eighth
1453,10500062,10538462,42,52,Half
1454,10500062,10520030,41,83,Quarter
1455,10500062,10520030,41,71,Quarter
1456,10500062,10538462,42,61,Half
1457,10500062,10538462,43,45,Half
1458,10520030,10538462,41,81,Quarter
1459,10520030,10538462,41,69,Quarter
1460,10538462,10577374,42,57,Half
1461,10538462,10593758,41,88,Dotted Half
1462,10538462,10555870,43,49,Quarter
1463,10538462,10577374,41,69,Half
1464,10577374,10593758,41,68,Quarter
1465,10577374,10593758,42,56,Quarter
1466,10593758,10614238,43,49,Quarter
1467,10593758,10632670,41,88,Half
1468,10593758,10632670,41,67,Half
1469,10593758,10632670,42,55,Half
1470,10614750,10652126,43,38,Half
1471,10632670,10652126,42,54,Quarter
1472,10632670,10652126,41,86,Quarter
1473,10632670,10652126,41,66,Quarter
1474,10652126,10687454,41,71,Half
1475,10652126,10669022,43,50,Quarter
1476,10652126,10687454,42,59,Half
1477,10652126,10687454,41,86,Half
1478,10669022,10706398,43,40,Half
1479,10687454,10706398,42,57,Quarter
1480,10687454,10706398,41,85,Quarter
1481,10687454,10706398,41,69,Quarter
1482,10706910,10725342,41,83,Quarter
1483,10706910,10725342,41,68,Quarter
1484,10706910,10725342,42,62,Quarter
1485,10706910,10725342,43,52,Quarter
1486,10725854,10763230,43,45,Quarter
1487,10725854,10763230,41,81,Quarter
1488,10725854,10763230,41,69,Quarter
1489,10725854,10763230,42,61,Quarter
1490,10782686,10791390,41,73,Eighth
1491,10805214,10863070,41,76,Dotted Half
1492,10827742,10845150,41,73,Quarter
1493,10845150,10863070,41,69,Quarter
1494,10863070,10916318,41,71,Dotted Half
1495,10880478,10898398,41,68,Quarter
1496,10898910,10916318,41,64,Quarter
1497,10916318,10925022,41,74,Eighth
1498,10925022,10933214,41,73,Eighth
1499,10933214,10940894,41,71,Eighth
1500,10933214,10952158,41,61,Quarter
1501,10941406,10952158,41,69,Eighth
1502,10952670,10960862,41,68,Eighth
1503,10952670,10969566,41,57,Quarter
1504,10960862,10969566,41,69,Eighth
1505,10969566,10986974,41,73,Quarter
1506,10969566,10986974,41,64,Quarter
1507,10986974,10999262,41,71,Dotted Eighth
1508,11004382,11016158,41,73,Dotted Eighth
1509,11021790,11081694,41,76,Dotted Half
1510,11042270,11062238,41,73,Quarter
1511,11062750,11081694,41,69,Quarter
1512,11082206,11118558,41,73,Half
1513,11101150,11118558,41,69,Quarter
1514,11118558,11138526,41,73,Quarter
1515,11118558,11138526,41,66,Quarter
1516,11139038,11194334,41,81,Dotted Half
1517,11161566,11177950,41,78,Quarter
1518,11177950,11194334,41,75,Quarter
1519,11194846,11229662,41,75,Half
1520,11212254,11229662,41,71,Quarter
1521,11229662,11254238,41,69,Quarter
1522,11229662,11254238,41,75,Quarter
1523,11255262,11306974,41,83,Dotted Half
1524,11271646,11290078,41,68,Quarter
1525,11290078,11306974,41,64,Quarter
1526,11306974,11315165,41,81,Eighth
1527,11315678,11323358,41,80,Eighth
1528,11323870,11332062,41,78,Eighth
1529,11323870,11343326,41,73,Quarter
1530,11332062,11343326,41,76,Eighth
1531,11343326,11355613,41,75,Eighth
1532,11343326,11364829,41,71,Quarter
1533,11356126,11364829,41,76,Eighth
1534,11364829,11382749,41,69,Quarter
1535,11364829,11382749,41,78,Quarter
1536,11382749,11399646,41,81,Dotted Eighth
1537,11382749,11395550,41,66,Eighth
1538,11403742,11412446,41,71,Eighth
1539,11403742,11412446,41,75,Eighth
1540,11422174,11440606,41,76,Quarter
1541,11422174,11440606,41,64,Quarter
1542,11459038,11468253,42,61,Eighth
1543,11477469,11546590,42,64,Dotted Half
1544,11503070,11523550,41,69,Quarter
1545,11503070,11523550,41,57,Quarter
1546,11503070,11523550,43,61,Quarter
1547,11524062,11546590,41,73,Quarter
1548,11524062,11546590,43,57,Quarter
1549,11524062,11546590,41,61,Quarter
1550,11546590,11595742,42,59,Dotted Half
1551,11562973,11578846,43,56,Quarter
1552,11562973,11578846,41,76,Quarter
1553,11562973,11578846,41,64,Quarter
1554,11579358,11595742,41,80,Quarter
1555,11579358,11595742,41,68,Quarter
1556,11579358,11595742,43,52,Quarter
1557,11595742,11603933,42,62,Eighth
1558,11603933,11614174,42,61,Eighth
1559,11614174,11633118,41,81,Quarter
1560,11614174,11633118,41,69,Quarter
1561,11614174,11633118,43,49,Quarter
1562,11614174,11622878,42,59,Eighth
1563,11622878,11633118,42,57,Eighth
1564,11633630,11642846,42,56,Eighth
1565,11633630,11651550,41,85,Quarter
1566,11633630,11651550,41,73,Quarter
1567,11633630,11651550,43,45,Quarter
1568,11643358,11651550,42,57,Eighth
1569,11651550,11673054,41,76,Quarter
1570,11651550,11673054,41,88,Quarter
1571,11651550,11673054,42,61,Quarter
1572,11651550,11673054,43,40,Quarter
1573,11673054,11685854,42,59,Dotted Eighth
1574,11691998,11700702,42,61,Eighth
1575,11710942,11767262,42,64,Dotted Half
1576,11732958,11750878,41,69,Quarter
1577,11732958,11750878,41,57,Quarter
1578,11732958,11750878,43,61,Quarter
1579,11750878,11767262,41,73,Quarter
1580,11750878,11767262,41,61,Quarter
1581,11750878,11767262,43,57,Quarter
1582,11767774,11806174,42,61,Half
1583,11787230,11806174,41,73,Quarter
1584,11787230,11806174,41,61,Quarter
1585,11787230,11806174,43,57,Quarter
1586,11806174,11826142,42,61,Quarter
1587,11806174,11826142,41,81,Quarter
1588,11806174,11826142,43,54,Quarter
1589,11806174,11826142,41,69,Quarter
1590,11826654,11892189,42,69,Dotted Half
1591,11843038,11869661,43,54,Quarter
1592,11843038,11869661,41,75,Quarter
1593,11843038,11869661,41,63,Quarter
1594,11869661,11892189,43,51,Quarter
1595,11869661,11892189,41,78,Quarter
1596,11869661,11892189,41,66,Quarter
1597,11892702,11925470,42,63,Half
1598,11909086,11925470,43,47,Quarter
1599,11909086,11925470,41,78,Quarter
1600,11909086,11925470,41,66,Quarter
1601,11925470,11942366,42,63,Quarter
1602,11925470,11942366,41,83,Quarter
1603,11925470,11942366,43,45,Quarter
1604,11925470,11942366,41,71,Quarter
1605,11942366,11993054,42,71,Dotted Half
1606,11960286,11977182,43,44,Quarter
1607,11960286,11977182,41,76,Quarter
1608,11960286,11977182,41,64,Quarter
1609,11977182,11993054,41,68,Quarter
1610,11977182,11993054,41,80,Quarter
1611,11977182,11993054,43,40,Quarter
1612,11993054,12001246,42,69,Eighth
1613,12001246,12009950,42,68,Eighth
1614,12010462,12019678,42,66,Eighth
1615,12010462,12032478,41,80,Quarter
1616,12010462,12032478,41,68,Quarter
1617,12010462,12032478,43,49,Quarter
1618,12020190,12032478,42,64,Eighth
1619,12032478,12040670,42,63,Eighth
1620,12032478,12049374,41,85,Quarter
1621,12032478,12049374,41,73,Quarter
1622,12032478,12049374,43,47,Quarter
1623,12040670,12049374,42,64,Eighth
1624,12049374,12069342,42,66,Quarter
1625,12049374,12069342,43,45,Quarter
1626,12069342,12083678,41,85,Dotted Eighth
1627,12069342,12083678,41,73,Dotted Eighth
1628,12069342,12083678,42,69,Dotted Eighth
1629,12069342,12083678,43,42,Dotted Eighth
1630,12087774,12103134,41,69,Dotted Eighth
1631,12087774,12103134,41,81,Dotted Eighth
1632,12087774,12103134,42,63,Dotted Eighth
1633,12087774,12103134,43,47,Dotted Eighth
1634,12107742,12127710,41,80,Quarter
1635,12107742,12127710,41,68,Quarter
1636,12107742,12127710,42,64,Quarter
1637,12107742,12127710,43,40,Quarter
1638,12149726,12168670,41,64,Quarter
1639,12168670,12185565,43,52,Quarter
1640,12168670,12226526,41,59,Dotted Half
1641,12168670,12226526,42,56,Dotted Half
1642,12168670,12226526,41,74,Dotted Half
1643,12185565,12207070,43,52,Quarter
1644,12207582,12226526,43,52,Quarter
1645,12226526,12279262,42,57,Dotted Half
1646,12226526,12235230,41,73,Eighth
1647,12226526,12244446,43,52,Quarter
1648,12226526,12279262,41,61,Dotted Half
1649,12235230,12241886,41,76,Dotted Sixteenth
1650,12244446,12262366,43,52,Quarter
1651,12244446,12251614,41,74,Dotted Sixteenth
1652,12253662,12259806,41,73,Dotted Sixteenth
1653,12262878,12279262,43,52,Quarter
1654,12262878,12268510,41,71,Dotted Sixteenth
1655,12270558,12276702,41,69,Dotted Sixteenth
1656,12279262,12285918,41,68,Dotted Sixteenth
1657,12279262,12296158,41,62,Quarter
1658,12279262,12296158,42,59,Quarter
1659,12279262,12296158,43,52,Quarter
1660,12287966,12294110,41,64,Dotted Sixteenth
1661,12296158,12303326,41,68,Dotted Sixteenth
1662,12305374,12311006,41,71,Dotted Sixteenth
1663,12313566,12319198,41,76,Dotted Sixteenth
1664,12321758,12326878,41,78,Dotted Sixteenth
1665,12329950,12336094,41,80,Dotted Sixteenth
1666,12338142,12344286,41,76,Dotted Sixteenth
1667,12345822,12351454,41,80,Dotted Sixteenth
1668,12353502,12358110,41,81,Dotted Sixteenth
1669,12360158,12366814,41,83,Dotted Sixteenth
1670,12369374,12376030,41,85,Dotted Sixteenth
1671,12378590,12430302,41,71,Dotted Half
1672,12378590,12395998,43,64,Quarter
1673,12378590,12430302,41,86,Dotted Half
1674,12378590,12430302,42,68,Dotted Half
1675,12395998,12413406,43,64,Quarter
1676,12413406,12430302,43,64,Quarter
1677,12430814,12438494,41,85,Eighth
1678,12430814,12447198,43,64,Quarter
1679,12430814,12488670,41,73,Dotted Half
1680,12430814,12488670,42,69,Dotted Half
1681,12439006,12445150,41,88,Dotted Sixteenth
1682,12447198,12465117,43,64,Quarter
1683,12447198,12454366,41,86,Dotted Sixteenth
1684,12456414,12463070,41,85,Dotted Sixteenth
1685,12465117,12488670,43,64,Quarter
1686,12465117,12473310,41,83,Dotted Sixteenth
1687,12475358,12485598,41,81,Dotted Sixteenth
1688,12489182,12494814,41,80,Dotted Sixteenth
1689,12489182,12506078,41,74,Quarter
1690,12489182,12506078,42,71,Quarter
1691,12489182,12506078,43,64,Quarter
1692,12497374,12503518,41,78,Dotted Sixteenth
1693,12506590,12517342,41,76,Dotted Sixteenth
1694,12519390,12525022,41,75,Dotted Sixteenth
1695,12526046,12532190,41,76,Dotted Sixteenth
1696,12534750,12539870,41,78,Dotted Sixteenth
1697,12541405,12547550,41,80,Dotted Sixteenth
1698,12550110,12552670,41,81,Dotted Sixteenth
1699,12555229,12561374,41,82,Dotted Sixteenth
1700,12564446,12569054,41,83,Dotted Sixteenth
1701,12571614,12577246,41,84,Dotted Sixteenth
1702,12579806,12586974,41,85,Dotted Sixteenth
1703,12590046,12597214,41,86,Dotted Sixteenth
1704,12590046,12609502,43,53,Quarter
1705,12599774,12605406,41,83,Dotted Sixteenth
1706,12610014,12626398,42,68,Quarter
1707,12610014,12615646,41,80,Dotted Sixteenth
1708,12610014,12626398,41,71,Quarter
1709,12618205,12624350,41,74,Dotted Sixteenth
1710,12626398,12634078,41,86,Dotted Sixteenth
1711,12626398,12644318,41,74,Quarter
1712,12626398,12644318,42,71,Quarter
1713,12636125,12642270,41,86,Dotted Sixteenth
1714,12644318,12650462,41,85,Dotted Sixteenth
1715,12644318,12660702,43,54,Quarter
1716,12652510,12658653,41,81,Dotted Sixteenth
1717,12661214,12678110,42,61,Quarter
1718,12661214,12667358,41,78,Dotted Sixteenth
1719,12661214,12678110,41,69,Quarter
1720,12669918,12675550,41,73,Dotted Sixteenth
1721,12678110,12696030,42,69,Quarter
1722,12678110,12686302,41,85,Dotted Sixteenth
1723,12678110,12696030,41,73,Quarter
1724,12688350,12694494,41,85,Dotted Sixteenth
1725,12696030,12702174,41,85,Dotted Sixteenth
1726,12696030,12712414,43,56,Quarter
1727,12704222,12710366,41,80,Dotted Sixteenth
1728,12712414,12728286,41,64,Quarter
1729,12712414,12718046,41,76,Dotted Sixteenth
1730,12712414,12728286,42,61,Quarter
1731,12720606,12726237,41,73,Dotted Sixteenth
1732,12728798,12745182,42,64,Quarter
1733,12728798,12734942,41,85,Dotted Sixteenth
1734,12728798,12745182,41,73,Quarter
1735,12736990,12743134,41,85,Dotted Sixteenth
1736,12745182,12761566,43,57,Quarter
1737,12745182,12751326,41,85,Dotted Sixteenth
1738,12752862,12759006,41,79,Dotted Sixteenth
1739,12761566,12778974,42,61,Quarter
1740,12761566,12768734,41,76,Dotted Sixteenth
1741,12761566,12778974,41,64,Quarter
1742,12771293,12776926,41,73,Dotted Sixteenth
1743,12779486,12785117,41,85,Dotted Sixteenth
1744,12779486,12795358,41,73,Quarter
1745,12779486,12795358,42,64,Quarter
1746,12787166,12793310,41,85,Dotted Sixteenth
1747,12795358,12805598,41,80,Dotted Sixteenth
1748,12795358,12817374,43,56,Quarter
1749,12807645,12815326,41,76,Dotted Sixteenth
1750,12817374,12824542,41,73,Dotted Sixteenth
1751,12817374,12835806,41,64,Quarter
1752,12817374,12835806,42,61,Quarter
1753,12827102,12833758,41,68,Dotted Sixteenth
1754,12836318,12851166,41,68,Quarter
1755,12836318,12841950,41,68,Dotted Sixteenth
1756,12836318,12851166,42,64,Quarter
1757,12843998,12849118,41,68,Dotted Sixteenth
1758,12851678,12857822,41,68,Dotted Sixteenth
1759,12851678,12868062,43,44,Quarter
1760,12859870,12866013,41,63,Dotted Sixteenth
1761,12868574,12886494,41,56,Quarter
1762,12868574,12874718,41,60,Dotted Sixteenth
1763,12868574,12886494,42,54,Quarter
1764,12877278,12884445,41,56,Dotted Sixteenth
1765,12886494,12906461,42,54,Quarter
1766,12886494,12894174,41,56,Dotted Sixteenth
1767,12886494,12906461,41,56,Quarter
1768,12896734,12903902,41,56,Dotted Sixteenth
1769,12906461,12967390,42,52,Dotted Half
1770,12906461,12926430,43,37,Quarter
1771,12906461,12967390,41,61,Dotted Half
1772,12906461,12967390,41,56,Dotted Half
1773,12926430,12945886,43,37,Quarter
1774,12945886,12967390,43,37,Quarter
1775,12967390,13021662,41,64,Dotted Half
1776,12967390,12987358,43,37,Quarter
1777,12967390,13021662,41,61,Dotted Half
1778,12967390,13021662,42,56,Dotted Half
1779,12987358,13003742,43,37,Quarter
1780,13003742,13021662,43,37,Quarter
1781,13022686,13112286,41,60,Unknown
1782,13022686,13042654,43,37,Quarter
1783,13022686,13050845,42,57,Dotted Quarter
1784,13022686,13058526,41,63,Half
1785,13043166,13058526,43,37,Quarter
1786,13050845,13058526,42,56,Eighth
1787,13059038,13063646,41,64,Sixteenth
1788,13059038,13068254,42,57,Eighth
1789,13059038,13076958,43,37,Quarter
1790,13063646,13068254,41,63,Sixteenth
1791,13068254,13076958,42,56,Eighth
1792,13068254,13072862,41,61,Sixteenth
1793,13072862,13076958,41,63,Sixteenth
1794,13076958,13095901,42,54,Quarter
1795,13076958,13095901,43,37,Quarter
1796,13076958,13112286,41,68,Half
1797,13095901,13112286,42,54,Quarter
1798,13095901,13112286,43,37,Quarter
1799,13112286,13121502,41,57,Eighth
1800,13112286,13132766,41,60,Quarter
1801,13112286,13132766,43,37,Quarter
1802,13112286,13132766,42,54,Quarter
1803,13122526,13132766,41,56,Eighth
1804,13132766,13194206,41,56,Dotted Half
1805,13132766,13153758,41,61,Quarter
1806,13132766,13153758,43,37,Quarter
1807,13132766,13194206,42,52,Dotted Half
1808,13153758,13173726,43,37,Quarter
1809,13153758,13159389,41,63,Sixteenth
1810,13159389,13164510,41,61,Sixteenth
1811,13164510,13173726,41,60,Eighth
1812,13174238,13194206,43,37,Quarter
1813,13174238,13183454,41,61,Eighth
1814,13183454,13194206,41,63,Eighth
1815,13194718,13211614,41,64,Dotted Eighth
1816,13194718,13211614,42,52,Dotted Eighth
1817,13194718,13211614,43,49,Dotted Eighth
1818,13218270,13233630,41,64,Dotted Eighth
1819,13218270,13233630,42,52,Dotted Eighth
1820,13218270,13233630,43,49,Dotted Eighth
1821,13240285,13257182,41,64,Dotted Eighth
1822,13240285,13257182,42,52,Dotted Eighth
1823,13240285,13257182,43,49,Dotted Eighth
1824,13355486,13363678,41,73,Eighth
1825,13373406,13429214,41,76,Dotted Half
1826,13390814,13409758,41,73,Quarter
1827,13409758,13429214,41,69,Quarter
1828,13429214,13485022,41,71,Dotted Half
1829,13447645,13465565,41,68,Quarter
1830,13465565,13485022,41,64,Quarter
1831,13485022,13493726,41,74,Eighth
1832,13493726,13504478,41,73,Eighth
1833,13504478,13512158,41,71,Eighth
1834,13504478,13521374,41,61,Quarter
1835,13512670,13521374,41,69,Eighth
1836,13521886,13542878,41,57,Quarter
1837,13521886,13533149,41,68,Eighth
1838,13533149,13542878,41,69,Eighth
1839,13542878,13559262,41,73,Quarter
1840,13542878,13559262,41,64,Quarter
1841,13559262,13573598,41,71,Dotted Eighth
1842,13578206,13591518,41,73,Dotted Eighth
1843,13599710,13651934,41,76,Dotted Half
1844,13616606,13635038,41,73,Quarter
1845,13635550,13651934,41,69,Quarter
1846,13651934,13690846,41,73,Half
1847,13669854,13690846,41,69,Quarter
1848,13690846,13708254,41,73,Quarter
1849,13690846,13708254,41,66,Quarter
1850,13708766,13760990,41,81,Dotted Half
1851,13728222,13745630,41,78,Quarter
1852,13745630,13760990,41,75,Quarter
1853,13761502,13793246,41,75,Half
1854,13776861,13793246,41,71,Quarter
1855,13793246,13824990,41,75,Quarter
1856,13793246,13824990,41,69,Quarter
1857,13825502,13880797,41,83,Dotted Half
1858,13844445,13863902,41,67,Quarter
1859,13863902,13880797,41,64,Quarter
1860,13880797,13888990,41,81,Eighth
1861,13889501,13898717,41,79,Eighth
1862,13899230,13907421,41,78,Eighth
1863,13899230,13915614,41,71,Quarter
1864,13907421,13915614,41,76,Eighth
1865,13915614,13924830,41,79,Eighth
1866,13915614,13934046,41,67,Quarter
1867,13924830,13934046,41,76,Eighth
1868,13934046,13951966,41,74,Quarter
1869,13952477,13956574,41,76,Sixteenth
1870,13952477,13971422,41,69,Quarter
1871,13956574,13962206,41,74,Sixteenth
1872,13962206,13967326,41,73,Sixteenth
1873,13967326,13971422,41,74,Sixteenth
1874,13971422,13990366,41,57,Quarter
1875,13971422,13979613,41,78,Eighth
1876,13971422,13990366,42,57,Quarter
1877,13979613,13990366,41,76,Eighth
1878,13990366,14012894,41,74,Quarter
1879,13990366,14012894,41,62,Quarter
1880,13990366,14054878,42,69,Dotted Half
1881,14013406,14033885,43,54,Quarter
1882,14033885,14054878,43,50,Quarter
1883,14054878,14113246,42,64,Dotted Half
1884,14074333,14092253,43,49,Quarter
1885,14092765,14113246,41,61,Quarter
1886,14092765,14113246,43,45,Quarter
1887,14113246,14122462,42,67,Eighth
1888,14113246,14163934,41,69,Dotted Half
1889,14122462,14130142,42,66,Eighth
1890,14130142,14146014,43,38,Quarter
1891,14130142,14138846,42,64,Eighth
1892,14139358,14146014,42,62,Eighth
1893,14146525,14163934,43,42,Quarter
1894,14146525,14155230,42,61,Eighth
1895,14155230,14163934,42,62,Eighth
1896,14163934,14174686,42,62,Eighth
1897,14163934,14220254,41,64,Dotted Half
1898,14174686,14183390,42,61,Eighth
1899,14183390,14202846,43,45,Quarter
1900,14183390,14193630,42,59,Eighth
1901,14193630,14202846,42,57,Eighth
1902,14203358,14211038,42,59,Eighth
1903,14203358,14220254,41,69,Quarter
1904,14203358,14220254,43,55,Quarter
1905,14211550,14220254,42,61,Eighth
1906,14220254,14271454,41,81,Dotted Half
1907,14220254,14237150,42,62,Quarter
1908,14220254,14228958,41,67,Eighth
1909,14228958,14237150,41,66,Eighth
1910,14237150,14255069,42,69,Quarter
1911,14237150,14246366,41,64,Eighth
1912,14237150,14255069,43,54,Quarter
1913,14246366,14255069,41,62,Eighth
1914,14255069,14263262,41,61,Eighth
1915,14255069,14271454,43,45,Quarter
1916,14263773,14271454,41,62,Eighth
1917,14271966,14325726,41,76,Dotted Half
1918,14271966,14280158,41,62,Eighth
1919,14271966,14289374,42,57,Quarter
1920,14280158,14289374,41,61,Eighth
1921,14289374,14299102,41,59,Eighth
1922,14289374,14307806,42,64,Quarter
1923,14289374,14307806,43,49,Quarter
1924,14299102,14307806,41,57,Eighth
1925,14307806,14316510,41,56,Eighth
1926,14307806,14325726,43,45,Quarter
1927,14317022,14325726,41,57,Eighth
1928,14326238,14380510,41,69,Dotted Half
1929,14326238,14335965,41,79,Eighth
1930,14326238,14344670,42,57,Quarter
1931,14335965,14344670,41,78,Eighth
1932,14344670,14352862,41,76,Eighth
1933,14344670,14361054,42,66,Quarter
1934,14344670,14361054,43,50,Quarter
1935,14352862,14361054,41,74,Eighth
1936,14361054,14380510,43,45,Quarter
1937,14361054,14370782,41,73,Eighth
1938,14370782,14380510,41,74,Eighth
1939,14381021,14389214,41,61,Eighth
1940,14381021,14397918,41,78,Quarter
1941,14381021,14397918,42,57,Quarter
1942,14389726,14397918,41,69,Eighth
1943,14397918,14414302,42,67,Quarter
1944,14397918,14406110,41,73,Eighth
1945,14397918,14410718,41,76,Dotted Eighth
1946,14397918,14414302,43,57,Quarter
1947,14406110,14414302,41,69,Eighth
1948,14414302,14423518,41,69,Eighth
1949,14414302,14423518,41,76,Eighth
1950,14414302,14432734,43,55,Quarter
1951,14423518,14432734,41,73,Eighth
1952,14432734,14448605,41,74,Quarter
1953,14432734,14448605,42,66,Quarter
1954,14432734,14480862,41,81,Dotted Half
1955,14449118,14464990,43,54,Quarter
1956,14449118,14464990,42,62,Quarter
1957,14464990,14480862,43,50,Quarter
1958,14464990,14517726,41,69,Dotted Half
1959,14480862,14497246,42,57,Quarter
1960,14480862,14517726,41,78,Half
1961,14497758,14517726,42,62,Quarter
1962,14497758,14517726,43,49,Quarter
1963,14517726,14539230,41,78,Quarter
1964,14517726,14539230,43,50,Quarter
1965,14517726,14573534,41,66,Dotted Half
1966,14539230,14592989,41,86,Dotted Half
1967,14539230,14555614,42,59,Quarter
1968,14556126,14573534,42,62,Quarter
1969,14556126,14573534,43,46,Quarter
1970,14573534,14592989,43,47,Quarter
1971,14573534,14609374,41,74,Half
1972,14592989,14609374,42,59,Quarter
1973,14592989,14628829,41,80,Half
1974,14609374,14628829,43,52,Quarter
1975,14609374,14628829,41,68,Quarter
1976,14609374,14628829,42,64,Quarter
1977,14629854,14679518,41,76,Dotted Half
1978,14629854,14647774,43,50,Quarter
1979,14629854,14647774,41,80,Quarter
1980,14647774,14696413,41,88,Dotted Half
1981,14647774,14663134,42,61,Quarter
1982,14663134,14679518,42,57,Quarter
1983,14663134,14679518,43,48,Quarter
1984,14680030,14696413,43,49,Quarter
1985,14680030,14736350,41,69,Dotted Half
1986,14696413,14706142,41,86,Eighth
1987,14696413,14714845,42,61,Quarter
1988,14706142,14714845,41,85,Eighth
1989,14714845,14736350,43,54,Quarter
1990,14714845,14726110,41,83,Eighth
1991,14714845,14736350,42,66,Quarter
1992,14726110,14736350,41,81,Eighth
1993,14736862,14752734,41,73,Quarter
1994,14736862,14774238,42,66,Half
1995,14736862,14744542,41,80,Eighth
1996,14736862,14752734,43,52,Quarter
1997,14744542,14752734,41,81,Eighth
1998,14753246,14774238,43,50,Quarter
1999,14753246,14774238,41,83,Quarter
2000,14753246,14774238,41,78,Quarter
2001,14774750,14786526,43,47,Dotted Eighth
2002,14774750,14786526,41,86,Dotted Eighth
2003,14774750,14786526,41,74,Dotted Eighth
2004,14774750,14786526,42,62,Dotted Eighth
2005,14791646,14808030,41,74,Dotted Eighth
2006,14791646,14808030,42,59,Dotted Eighth
2007,14791646,14808030,43,52,Dotted Eighth
2008,14791646,14808030,41,80,Dotted Eighth
2009,14813150,14850013,41,81,Quarter
2010,14813150,14850013,41,73,Quarter
2011,14813150,14850013,42,57,Quarter
2012,14813150,14850013,43,45,Quarter
2013,14867422,14884830,41,64,Quarter
2014,14885342,14944222,41,71,Dotted Half
2015,14885342,14944222,41,68,Dotted Half
2016,14885342,14944222,42,64,Dotted Half
2017,14885342,14944222,43,62,Dotted Half
2018,14944222,14999005,43,61,Dotted Half
2019,14944222,14999005,41,73,Dotted Half
2020,14944222,14999005,41,69,Dotted Half
2021,14944222,14999005,42,64,Dotted Half
2022,15000030,15015390,41,68,Dotted Eighth
2023,15000030,15004638,41,76,Sixteenth
2024,15000030,15015390,42,64,Dotted Eighth
2025,15000030,15015390,43,59,Dotted Eighth
2026,15004638,15010270,41,74,Sixteenth
2027,15010270,15018462,41,73,Dotted Sixteenth
2028,15021021,15032286,42,64,Dotted Eighth
2029,15021021,15027166,41,74,Dotted Sixteenth
2030,15021021,15032286,41,71,Dotted Eighth
2031,15021021,15032286,43,56,Dotted Eighth
2032,15029214,15035358,41,71,Dotted Sixteenth
2033,15037918,15045086,41,76,Dotted Sixteenth
2034,15037918,15050206,41,68,Dotted Eighth
2035,15037918,15050206,42,64,Dotted Eighth
2036,15037918,15050206,43,52,Dotted Eighth
2037,15047134,15054302,41,74,Dotted Sixteenth
2038,15056862,15072734,41,73,Dotted Eighth
2039,15056862,15072734,41,64,Dotted Eighth
2040,15056862,15072734,42,64,Dotted Eighth
2041,15056862,15072734,43,57,Dotted Eighth
2042,15078878,15090142,41,81,Dotted Eighth
2043,15112670,15189470,41,83,Dotted Half
2044,15112670,15189470,41,64,Dotted Half
2045,15112670,15189470,41,71,Dotted Half
2046,15112670,15189470,42,56,Dotted Half
2047,15112670,15189470,43,50,Dotted Half
2048,15189982,15262174,41,64,Dotted Half
2049,15189982,15262174,41,85,Dotted Half
2050,15189982,15262174,41,73,Dotted Half
2051,15189982,15262174,42,57,Dotted Half
2052,15189982,15262174,43,49,Dotted Half
2053,15263198,15282653,42,57,Quarter
2054,15263198,15291869,41,88,Dotted Quarter
2055,15263198,15291869,41,66,Dotted Quarter
2056,15263198,15304670,43,47,Half
2057,15283166,15296477,42,69,Dotted Eighth
2058,15291869,15301598,41,74,Dotted Sixteenth
2059,15291869,15301598,41,86,Dotted Sixteenth
2060,15304670,15329246,43,52,Quarter
2061,15304670,15312350,41,85,Dotted Sixteenth
2062,15304670,15312350,41,74,Dotted Sixteenth
2063,15304670,15320542,42,68,Dotted Eighth
2064,15314910,15323613,41,74,Dotted Sixteenth
2065,15314910,15323613,41,83,Dotted Sixteenth
2066,15329246,15361502,41,81,Quarter
2067,15329246,15361502,41,73,Quarter
2068,15329246,15361502,42,69,Quarter
2069,15329246,15361502,43,45,Quarter
2070,15543262,15554014,41,69,Eighth
